interaction_key,member_index,file_id,label,split,vendor,source_relbase
V00_S0648_I00000382,0,V00_S0648_I00000382_P0299A,improvised,dev,V00,improvised/dev/0000/0030/V00_S0648_I00000382_P0299A
V00_S0648_I00000382,1,V00_S0648_I00000382_P0801,improvised,dev,V00,improvised/dev/0000/0052/V00_S0648_I00000382_P0801
V00_S2090_I00001086,0,V00_S2090_I00001086_P1346A,improvised,dev,V00,improvised/dev/0000/0002/V00_S2090_I00001086_P1346A
V00_S2090_I00001086,1,V00_S2090_I00001086_P1347A,improvised,dev,V00,improvised/dev/0000/0035/V00_S2090_I00001086_P1347A
V01_S0172_I00001232,0,V01_S0172_I00001232_P1316,improvised,dev,V01,improvised/dev/0000/0028/V01_S0172_I00001232_P1316
V01_S0172_I00001232,1,V01_S0172_I00001232_P1317,improvised,dev,V01,improvised/dev/0000/0031/V01_S0172_I00001232_P1317
V01_S0346_I00000720,0,V01_S0346_I00000720_P1694,improvised,dev,V01,improvised/dev/0000/0017/V01_S0346_I00000720_P1694
V01_S0346_I00000720,1,V01_S0346_I00000720_P1693,improvised,dev,V01,improvised/dev/0000/0044/V01_S0346_I00000720_P1693
V03_S0228_I00000498,0,V03_S0228_I00000498_P1528,improvised,dev,V03,improvised/dev/0001/0009/V03_S0228_I00000498_P1528
V03_S0228_I00000498,1,V03_S0228_I00000498_P1529,improvised,dev,V03,improvised/dev/0001/0022/V03_S0228_I00000498_P1529
V03_S0251_I00000140,0,V03_S0251_I00000140_P1606,improvised,dev,V03,improvised/dev/0001/0021/V03_S0251_I00000140_P1606
V03_S0251_I00000140,1,V03_S0251_I00000140_P1607,improvised,dev,V03,improvised/dev/0001/0053/V03_S0251_I00000140_P1607
V00_S0553_I00000135,0,V00_S0553_I00000135_P0696,naturalistic,dev,V00,naturalistic/dev/0000/0017/V00_S0553_I00000135_P0696
V00_S0553_I00000135,1,V00_S0553_I00000135_P0466,naturalistic,dev,V00,naturalistic/dev/0000/0021/V00_S0553_I00000135_P0466
V00_S0554_I00000132,0,V00_S0554_I00000132_P0697,naturalistic,dev,V00,naturalistic/dev/0000/0007/V00_S0554_I00000132_P0697
V00_S0554_I00000132,1,V00_S0554_I00000132_P0467,naturalistic,dev,V00,naturalistic/dev/0000/0009/V00_S0554_I00000132_P0467
V01_S0158_I00000132,0,V01_S0158_I00000132_P1290,naturalistic,dev,V01,naturalistic/dev/0001/0011/V01_S0158_I00000132_P1290
V01_S0158_I00000132,1,V01_S0158_I00000132_P1289,naturalistic,dev,V01,naturalistic/dev/0001/0035/V01_S0158_I00000132_P1289
V01_S0281_I00000307,0,V01_S0281_I00000307_P1600,naturalistic,dev,V01,naturalistic/dev/0001/0005/V01_S0281_I00000307_P1600
V01_S0281_I00000307,1,V01_S0281_I00000307_P1599,naturalistic,dev,V01,naturalistic/dev/0001/0028/V01_S0281_I00000307_P1599
V02_S5054_I00000175,0,V02_S5054_I00000175_P5062,naturalistic,dev,V02,naturalistic/dev/0001/0021/V02_S5054_I00000175_P5062
V02_S5054_I00000175,1,V02_S5054_I00000175_P5063,naturalistic,dev,V02,naturalistic/dev/0001/0031/V02_S5054_I00000175_P5063
V02_S5120_I00000205,0,V02_S5120_I00000205_P5155,naturalistic,dev,V02,naturalistic/dev/0002/0007/V02_S5120_I00000205_P5155
V02_S5120_I00000205,1,V02_S5120_I00000205_P5154,naturalistic,dev,V02,naturalistic/dev/0002/0081/V02_S5120_I00000205_P5154
V03_S0861_I00000384,0,V03_S0861_I00000384_P1659,naturalistic,dev,V03,naturalistic/dev/0002/0008/V03_S0861_I00000384_P1659
V03_S0861_I00000384,1,V03_S0861_I00000384_P1662,naturalistic,dev,V03,naturalistic/dev/0002/0061/V03_S0861_I00000384_P1662
V03_S0871_I00000117,0,V03_S0871_I00000117_P2966,naturalistic,dev,V03,naturalistic/dev/0002/0016/V03_S0871_I00000117_P2966
V03_S0871_I00000117,1,V03_S0871_I00000117_P2967,naturalistic,dev,V03,naturalistic/dev/0002/0078/V03_S0871_I00000117_P2967
