clip_id,file_id,label,vendor,source_relbase,start_frame,end_frame,target_mask,target_run_start,target_run_end,selection_note
invalid_01,V01_S0346_I00000720_P1693,improvised,V01,improvised/dev/0000/0044/V01_S0346_I00000720_P1693,1920,2130,box,2009,2051,42-frame box-invalid run
invalid_02,V03_S1568_I00000504_P4045,improvised,V03,improvised/dev/0001/0029/V03_S1568_I00000504_P4045,5325,5460,box,5449,5459,10-frame terminal box-invalid run
invalid_03,V00_S0644_I00000770_P0799,improvised,V00,improvised/dev/0000/0023/V00_S0644_I00000770_P0799,840,1050,smplh,904,905,isolated SMPL-H invalid after 903-frame leading run
invalid_04,V03_S0228_I00000131_P1528,improvised,V03,improvised/dev/0001/0043/V03_S0228_I00000131_P1528,5115,5355,smplh,5206,6055,start of 849-frame SMPL-H-invalid run
invalid_05,V00_S0515_I00000377_P0371,naturalistic,V00,naturalistic/dev/0000/0019/V00_S0515_I00000377_P0371,960,1140,smplh,1048,1049,isolated one-frame SMPL-H invalidity
invalid_06,V03_S1869_I00000302_P5265,naturalistic,V03,naturalistic/dev/0002/0071/V03_S1869_I00000302_P5265,1875,2115,smplh,1973,4437,start of 2464-frame SMPL-H-invalid run
invalid_07,V00_S0692_I00000479_P0844A,improvised,V00,improvised/dev/0000/0011/V00_S0692_I00000479_P0844A,6090,6330,movement,6180,6240,60-frame movement-invalid run
invalid_08,V00_S0925_I00000520_P0383,improvised,V00,improvised/dev/0000/0014/V00_S0925_I00000520_P0383,4095,4335,movement,4200,5400,start of 1200-frame movement-invalid run
invalid_09,V00_S0152_I00000374_P0217,naturalistic,V00,naturalistic/dev/0000/0038/V00_S0152_I00000374_P0217,90,330,movement,180,240,60-frame movement-invalid run
invalid_10,V00_S0522_I00000482_P0665,naturalistic,V00,naturalistic/dev/0000/0032/V00_S0522_I00000482_P0665,3255,3495,movement,3360,6120,start of 2760-frame movement-invalid run
