task_index,start_row,stop_row_exclusive,row_count
0,0,253,253
1,253,506,253
2,506,759,253
3,759,1012,253
4,1012,1265,253
5,1265,1518,253
6,1518,1771,253
7,1771,2024,253
8,2024,2277,253
9,2277,2530,253
10,2530,2783,253
11,2783,3036,253
12,3036,3289,253
13,3289,3542,253
14,3542,3795,253
15,3795,4048,253
16,4048,4301,253
17,4301,4554,253
18,4554,4807,253
19,4807,5060,253
20,5060,5313,253
21,5313,5566,253
22,5566,5819,253
23,5819,6072,253
24,6072,6325,253
25,6325,6578,253
26,6578,6831,253
27,6831,7084,253
28,7084,7337,253
29,7337,7590,253
30,7590,7843,253
31,7843,8096,253
32,8096,8349,253
33,8349,8602,253
34,8602,8855,253
35,8855,9108,253
36,9108,9361,253
37,9361,9614,253
38,9614,9867,253
39,9867,10120,253
40,10120,10373,253
41,10373,10626,253
42,10626,10879,253
43,10879,11132,253
44,11132,11385,253
45,11385,11638,253
46,11638,11891,253
47,11891,12144,253
48,12144,12397,253
49,12397,12650,253
50,12650,12903,253
51,12903,13156,253
52,13156,13409,253
53,13409,13662,253
54,13662,13915,253
55,13915,14168,253
56,14168,14421,253
57,14421,14674,253
58,14674,14927,253
59,14927,15180,253
60,15180,15433,253
61,15433,15686,253
62,15686,15939,253
63,15939,16192,253
64,16192,16445,253
65,16445,16698,253
66,16698,16951,253
67,16951,17204,253
68,17204,17457,253
69,17457,17710,253
70,17710,17963,253
71,17963,18216,253
72,18216,18469,253
73,18469,18722,253
74,18722,18975,253
75,18975,19228,253
76,19228,19481,253
77,19481,19734,253
78,19734,19987,253
79,19987,20240,253
80,20240,20493,253
81,20493,20746,253
82,20746,20999,253
83,20999,21252,253
84,21252,21505,253
85,21505,21758,253
86,21758,22011,253
87,22011,22264,253
88,22264,22517,253
89,22517,22770,253
90,22770,23023,253
91,23023,23276,253
92,23276,23529,253
93,23529,23782,253
94,23782,24035,253
95,24035,24288,253
96,24288,24541,253
97,24541,24794,253
98,24794,25047,253
99,25047,25300,253
100,25300,25553,253
101,25553,25806,253
102,25806,26059,253
103,26059,26312,253
104,26312,26565,253
105,26565,26818,253
106,26818,27071,253
107,27071,27324,253
108,27324,27577,253
109,27577,27830,253
110,27830,28083,253
111,28083,28336,253
112,28336,28589,253
113,28589,28842,253
114,28842,29095,253
115,29095,29348,253
116,29348,29601,253
117,29601,29854,253
118,29854,30107,253
119,30107,30360,253
120,30360,30613,253
121,30613,30866,253
122,30866,31119,253
123,31119,31372,253
124,31372,31625,253
125,31625,31878,253
126,31878,32131,253
127,32131,32384,253
128,32384,32637,253
129,32637,32890,253
130,32890,33143,253
131,33143,33396,253
132,33396,33649,253
133,33649,33902,253
134,33902,34155,253
135,34155,34408,253
136,34408,34661,253
137,34661,34914,253
138,34914,35167,253
139,35167,35420,253
140,35420,35673,253
141,35673,35926,253
142,35926,36179,253
143,36179,36432,253
144,36432,36685,253
145,36685,36938,253
146,36938,37191,253
147,37191,37444,253
148,37444,37697,253
149,37697,37950,253
150,37950,38203,253
151,38203,38456,253
152,38456,38709,253
153,38709,38962,253
154,38962,39215,253
155,39215,39468,253
156,39468,39721,253
157,39721,39974,253
158,39974,40227,253
159,40227,40480,253
160,40480,40733,253
161,40733,40986,253
162,40986,41239,253
163,41239,41492,253
164,41492,41745,253
165,41745,41998,253
166,41998,42251,253
167,42251,42504,253
168,42504,42757,253
169,42757,43010,253
170,43010,43263,253
171,43263,43516,253
172,43516,43769,253
173,43769,44022,253
174,44022,44275,253
175,44275,44528,253
176,44528,44781,253
177,44781,45034,253
178,45034,45287,253
179,45287,45540,253
180,45540,45793,253
181,45793,46046,253
182,46046,46299,253
183,46299,46552,253
184,46552,46805,253
185,46805,47058,253
186,47058,47311,253
187,47311,47564,253
188,47564,47817,253
189,47817,48070,253
190,48070,48323,253
191,48323,48576,253
192,48576,48829,253
193,48829,49082,253
194,49082,49335,253
195,49335,49588,253
196,49588,49841,253
197,49841,50094,253
198,50094,50347,253
199,50347,50600,253
200,50600,50853,253
201,50853,51106,253
202,51106,51359,253
203,51359,51612,253
204,51612,51865,253
205,51865,52118,253
206,52118,52371,253
207,52371,52624,253
208,52624,52877,253
209,52877,53130,253
210,53130,53383,253
211,53383,53636,253
212,53636,53889,253
213,53889,54142,253
214,54142,54395,253
215,54395,54648,253
216,54648,54901,253
217,54901,55154,253
218,55154,55407,253
219,55407,55660,253
220,55660,55913,253
221,55913,56166,253
222,56166,56419,253
223,56419,56672,253
224,56672,56925,253
225,56925,57178,253
226,57178,57431,253
227,57431,57684,253
228,57684,57937,253
229,57937,58190,253
230,58190,58443,253
231,58443,58696,253
232,58696,58949,253
233,58949,59202,253
234,59202,59455,253
235,59455,59708,253
236,59708,59961,253
237,59961,60214,253
238,60214,60467,253
239,60467,60720,253
240,60720,60973,253
241,60973,61226,253
242,61226,61479,253
243,61479,61732,253
244,61732,61985,253
245,61985,62238,253
246,62238,62491,253
247,62491,62744,253
248,62744,62997,253
249,62997,63250,253
250,63250,63503,253
251,63503,63756,253
252,63756,64009,253
253,64009,64262,253
254,64262,64515,253
255,64515,64768,253
256,64768,65021,253
257,65021,65274,253
258,65274,65527,253
259,65527,65780,253
260,65780,66033,253
261,66033,66286,253
262,66286,66539,253
263,66539,66792,253
264,66792,67045,253
265,67045,67298,253
266,67298,67551,253
267,67551,67804,253
268,67804,68057,253
269,68057,68310,253
270,68310,68563,253
271,68563,68816,253
272,68816,69069,253
273,69069,69322,253
274,69322,69575,253
275,69575,69828,253
276,69828,70081,253
277,70081,70334,253
278,70334,70587,253
279,70587,70840,253
280,70840,71093,253
281,71093,71346,253
282,71346,71599,253
283,71599,71852,253
284,71852,72105,253
285,72105,72358,253
286,72358,72611,253
287,72611,72864,253
288,72864,73117,253
289,73117,73370,253
290,73370,73623,253
291,73623,73876,253
292,73876,74129,253
293,74129,74382,253
294,74382,74635,253
295,74635,74888,253
296,74888,75141,253
297,75141,75394,253
298,75394,75647,253
299,75647,75900,253
300,75900,76153,253
301,76153,76406,253
302,76406,76659,253
303,76659,76912,253
304,76912,77165,253
305,77165,77418,253
306,77418,77671,253
307,77671,77924,253
308,77924,78177,253
309,78177,78430,253
310,78430,78683,253
311,78683,78936,253
312,78936,79189,253
313,79189,79442,253
314,79442,79695,253
315,79695,79948,253
316,79948,80201,253
317,80201,80454,253
318,80454,80707,253
319,80707,80960,253
320,80960,81213,253
321,81213,81466,253
322,81466,81719,253
323,81719,81972,253
324,81972,82225,253
325,82225,82478,253
326,82478,82731,253
327,82731,82984,253
328,82984,83237,253
329,83237,83490,253
330,83490,83743,253
331,83743,83996,253
332,83996,84249,253
333,84249,84502,253
334,84502,84755,253
335,84755,85008,253
336,85008,85261,253
337,85261,85514,253
338,85514,85767,253
339,85767,86020,253
340,86020,86273,253
341,86273,86526,253
342,86526,86779,253
343,86779,87032,253
344,87032,87285,253
345,87285,87538,253
346,87538,87790,252
347,87790,88042,252
348,88042,88294,252
349,88294,88546,252
350,88546,88798,252
351,88798,89050,252
352,89050,89302,252
353,89302,89554,252
354,89554,89806,252
355,89806,90058,252
356,90058,90310,252
357,90310,90562,252
358,90562,90814,252
359,90814,91066,252
360,91066,91318,252
361,91318,91570,252
362,91570,91822,252
363,91822,92074,252
364,92074,92326,252
365,92326,92578,252
366,92578,92830,252
367,92830,93082,252
368,93082,93334,252
369,93334,93586,252
370,93586,93838,252
371,93838,94090,252
372,94090,94342,252
373,94342,94594,252
374,94594,94846,252
375,94846,95098,252
376,95098,95350,252
377,95350,95602,252
378,95602,95854,252
379,95854,96106,252
380,96106,96358,252
381,96358,96610,252
382,96610,96862,252
383,96862,97114,252
384,97114,97366,252
385,97366,97618,252
386,97618,97870,252
387,97870,98122,252
388,98122,98374,252
389,98374,98626,252
390,98626,98878,252
391,98878,99130,252
392,99130,99382,252
393,99382,99634,252
394,99634,99886,252
395,99886,100138,252
396,100138,100390,252
397,100390,100642,252
398,100642,100894,252
399,100894,101146,252
400,101146,101398,252
401,101398,101650,252
402,101650,101902,252
403,101902,102154,252
404,102154,102406,252
405,102406,102658,252
406,102658,102910,252
407,102910,103162,252
408,103162,103414,252
409,103414,103666,252
410,103666,103918,252
411,103918,104170,252
412,104170,104422,252
413,104422,104674,252
414,104674,104926,252
415,104926,105178,252
416,105178,105430,252
417,105430,105682,252
418,105682,105934,252
419,105934,106186,252
420,106186,106438,252
421,106438,106690,252
422,106690,106942,252
423,106942,107194,252
424,107194,107446,252
425,107446,107698,252
426,107698,107950,252
427,107950,108202,252
428,108202,108454,252
429,108454,108706,252
430,108706,108958,252
431,108958,109210,252
432,109210,109462,252
433,109462,109714,252
434,109714,109966,252
435,109966,110218,252
436,110218,110470,252
437,110470,110722,252
438,110722,110974,252
439,110974,111226,252
440,111226,111478,252
441,111478,111730,252
442,111730,111982,252
443,111982,112234,252
444,112234,112486,252
445,112486,112738,252
446,112738,112990,252
447,112990,113242,252
448,113242,113494,252
449,113494,113746,252
450,113746,113998,252
451,113998,114250,252
452,114250,114502,252
453,114502,114754,252
454,114754,115006,252
455,115006,115258,252
456,115258,115510,252
457,115510,115762,252
458,115762,116014,252
459,116014,116266,252
460,116266,116518,252
461,116518,116770,252
462,116770,117022,252
463,117022,117274,252
464,117274,117526,252
465,117526,117778,252
466,117778,118030,252
467,118030,118282,252
468,118282,118534,252
469,118534,118786,252
470,118786,119038,252
471,119038,119290,252
472,119290,119542,252
473,119542,119794,252
474,119794,120046,252
475,120046,120298,252
476,120298,120550,252
477,120550,120802,252
478,120802,121054,252
479,121054,121306,252
480,121306,121558,252
481,121558,121810,252
482,121810,122062,252
483,122062,122314,252
484,122314,122566,252
485,122566,122818,252
486,122818,123070,252
487,123070,123322,252
488,123322,123574,252
489,123574,123826,252
490,123826,124078,252
491,124078,124330,252
492,124330,124582,252
493,124582,124834,252
494,124834,125086,252
495,125086,125338,252
496,125338,125590,252
497,125590,125842,252
498,125842,126094,252
499,126094,126346,252
500,126346,126598,252
501,126598,126850,252
502,126850,127102,252
503,127102,127354,252
504,127354,127606,252
505,127606,127858,252
506,127858,128110,252
507,128110,128362,252
508,128362,128614,252
509,128614,128866,252
510,128866,129118,252
511,129118,129370,252
