file_id,label,split,vendor,source_relbase
V00_S0644_I00000307_P0299A,improvised,dev,V00,improvised/dev/0000/0018/V00_S0644_I00000307_P0299A
V00_S0644_I00000307_P0799,improvised,dev,V00,improvised/dev/0000/0038/V00_S0644_I00000307_P0799
V00_S0644_I00000579_P0299A,improvised,dev,V00,improvised/dev/0000/0011/V00_S0644_I00000579_P0299A
V00_S0644_I00000581_P0799,improvised,dev,V00,improvised/dev/0000/0044/V00_S0644_I00000581_P0799
V00_S0644_I00000582_P0799,improvised,dev,V00,improvised/dev/0000/0044/V00_S0644_I00000582_P0799
V00_S0648_I00000372_P0801,improvised,dev,V00,improvised/dev/0000/0013/V00_S0648_I00000372_P0801
V00_S0648_I00000377_P0801,improvised,dev,V00,improvised/dev/0000/0052/V00_S0648_I00000377_P0801
V00_S0692_I00000135_P0845,improvised,dev,V00,improvised/dev/0000/0040/V00_S0692_I00000135_P0845
V00_S0692_I00000487_P0844A,improvised,dev,V00,improvised/dev/0000/0013/V00_S0692_I00000487_P0844A
V00_S0692_I00000535_P0845,improvised,dev,V00,improvised/dev/0000/0051/V00_S0692_I00000535_P0845
V00_S0809_I00000582_P0383,improvised,dev,V00,improvised/dev/0000/0036/V00_S0809_I00000582_P0383
V00_S0925_I00000484_P0383,improvised,dev,V00,improvised/dev/0000/0023/V00_S0925_I00000484_P0383
V00_S0925_I00000520_P0383,improvised,dev,V00,improvised/dev/0000/0014/V00_S0925_I00000520_P0383
V00_S1061_I00000610_P0383,improvised,dev,V00,improvised/dev/0000/0023/V00_S1061_I00000610_P0383
V00_S2022_I00001204_P1277A,improvised,dev,V00,improvised/dev/0000/0010/V00_S2022_I00001204_P1277A
V00_S2089_I00001163_P1281A,improvised,dev,V00,improvised/dev/0000/0014/V00_S2089_I00001163_P1281A
V00_S0305_I00000376_P0116,naturalistic,dev,V00,naturalistic/dev/0000/0001/V00_S0305_I00000376_P0116
V00_S0347_I00000313_P0466,naturalistic,dev,V00,naturalistic/dev/0000/0008/V00_S0347_I00000313_P0466
V00_S0347_I00000462_P0467,naturalistic,dev,V00,naturalistic/dev/0000/0034/V00_S0347_I00000462_P0467
V00_S0360_I00000372_P0484,naturalistic,dev,V00,naturalistic/dev/0000/0031/V00_S0360_I00000372_P0484
V00_S0360_I00000372_P0485,naturalistic,dev,V00,naturalistic/dev/0000/0001/V00_S0360_I00000372_P0485
V00_S0360_I00000376_P0484,naturalistic,dev,V00,naturalistic/dev/0000/0016/V00_S0360_I00000376_P0484
V00_S0360_I00000503_P0484,naturalistic,dev,V00,naturalistic/dev/0000/0013/V00_S0360_I00000503_P0484
V00_S0377_I00000481_P0410,naturalistic,dev,V00,naturalistic/dev/0000/0004/V00_S0377_I00000481_P0410
V00_S0377_I00000481_P0500,naturalistic,dev,V00,naturalistic/dev/0000/0002/V00_S0377_I00000481_P0500
V00_S0377_I00000490_P0410,naturalistic,dev,V00,naturalistic/dev/0000/0043/V00_S0377_I00000490_P0410
V00_S0515_I00000376_P0660,naturalistic,dev,V00,naturalistic/dev/0000/0012/V00_S0515_I00000376_P0660
V00_S0522_I00000483_P0665,naturalistic,dev,V00,naturalistic/dev/0000/0005/V00_S0522_I00000483_P0665
V00_S0522_I00000495_P0410,naturalistic,dev,V00,naturalistic/dev/0000/0029/V00_S0522_I00000495_P0410
V00_S0691_I00000478_P0500,naturalistic,dev,V00,naturalistic/dev/0000/0031/V00_S0691_I00000478_P0500
V00_S0691_I00000479_P0840,naturalistic,dev,V00,naturalistic/dev/0000/0033/V00_S0691_I00000479_P0840
V00_S0825_I00000130_P0959,naturalistic,dev,V00,naturalistic/dev/0000/0029/V00_S0825_I00000130_P0959
V00_S0922_I00000488_P0500,naturalistic,dev,V00,naturalistic/dev/0000/0036/V00_S0922_I00000488_P0500
V00_S1045_I00000011_P1067,naturalistic,dev,V00,naturalistic/dev/0001/0002/V00_S1045_I00000011_P1067
V00_S1085_I00000184_P0989,naturalistic,dev,V00,naturalistic/dev/0001/0021/V00_S1085_I00000184_P0989
V00_S1823_I00000271_P1174,naturalistic,dev,V00,naturalistic/dev/0001/0031/V00_S1823_I00000271_P1174
V00_S1823_I00000275_P0115,naturalistic,dev,V00,naturalistic/dev/0001/0001/V00_S1823_I00000275_P0115
