review_item_id,clip_id,file_id,source_relbase,partner_source_relbase,sample_group,start_frame,vendor,label,split,activity_type,selection_reason,signals_json,render_policy
item_197,uniform_200_197_V03_S0429_I00000181_P2365_f0004191,V03_S0429_I00000181_P2365,naturalistic/train/0119/0101/V03_S0429_I00000181_P2365,naturalistic/train/0119/0103/V03_S0429_I00000181_P2311,uniform_200,4191,V03,naturalistic,train,ipc_conversation,uniform random over renderable corpus rows,"{""avg_fps"": 29.97003, ""movement_mask_present"": false, ""npz_frames_min"": 5154, ""npz_status"": ""ok"", ""render_frames"": 300, ""uniform_draw"": 0.001374984, ""valid_frac_box"": 1.0, ""valid_frac_movement"": null, ""valid_frac_smplh"": 0.932286, ""video_nb_frames"": 5154}",render
item_052,uniform_200_052_V03_S1025_I00000089_P2641_f0002931,V03_S1025_I00000089_P2641,naturalistic/train/0133/0074/V03_S1025_I00000089_P2641,naturalistic/train/0133/0116/V03_S1025_I00000089_P2921,uniform_200,2931,V03,naturalistic,train,ipc_conversation,uniform random over renderable corpus rows,"{""avg_fps"": 29.97003, ""movement_mask_present"": false, ""npz_frames_min"": 4736, ""npz_status"": ""ok"", ""render_frames"": 300, ""uniform_draw"": 0.000278351, ""valid_frac_box"": 1.0, ""valid_frac_movement"": null, ""valid_frac_smplh"": 0.949113, ""video_nb_frames"": 4736}",render
item_032,uniform_200_032_V03_S1236_I00000086_P2747_f0001825,V03_S1236_I00000086_P2747,naturalistic/train/0141/0034/V03_S1236_I00000086_P2747,naturalistic/train/0141/0130/V03_S1236_I00000086_P3007,uniform_200,1825,V03,naturalistic,train,ipc_conversation,uniform random over renderable corpus rows,"{""avg_fps"": 29.97003, ""movement_mask_present"": false, ""npz_frames_min"": 7133, ""npz_status"": ""ok"", ""render_frames"": 300, ""uniform_draw"": 0.000182471, ""valid_frac_box"": 1.0, ""valid_frac_movement"": null, ""valid_frac_smplh"": 0.965512, ""video_nb_frames"": 7132}",render
item_172,uniform_200_172_V01_S0265_I00001223_P1570_f0000178,V01_S0265_I00001223_P1570,improvised/train/0052/0000/V01_S0265_I00001223_P1570,improvised/train/0052/0034/V01_S0265_I00001223_P1569,uniform_200,178,V01,improvised,train,ipc_conversation,uniform random over renderable corpus rows,"{""avg_fps"": 29.97003, ""movement_mask_present"": false, ""npz_frames_min"": 5514, ""npz_status"": ""ok"", ""render_frames"": 300, ""uniform_draw"": 0.001200029, ""valid_frac_box"": 1.0, ""valid_frac_movement"": null, ""valid_frac_smplh"": 1.0, ""video_nb_frames"": 5514}",render
item_004,uniform_200_004_V00_S0350_I00000500_P0469_f0003216,V00_S0350_I00000500_P0469,naturalistic/test/0000/0009/V00_S0350_I00000500_P0469,naturalistic/test/0000/0041/V00_S0350_I00000500_P0470,uniform_200,3216,V00,naturalistic,test,ipc_conversation,uniform random over renderable corpus rows,"{""avg_fps"": 30.0, ""movement_mask_present"": true, ""npz_frames_min"": 6600, ""npz_status"": ""ok"", ""render_frames"": 300, ""uniform_draw"": 1.7708e-05, ""valid_frac_box"": 1.0, ""valid_frac_movement"": 1.0, ""valid_frac_smplh"": 1.0, ""video_nb_frames"": 6600}",render
item_253,targeted_100_253_V00_S0330_I00000542_P0026A_f0001991,V00_S0330_I00000542_P0026A,improvised/train/0007/0018/V00_S0330_I00000542_P0026A,improvised/train/0007/0041/V00_S0330_I00000542_P0443,targeted_100,1991,V00,improvised,train,ipc_conversation,stratified_fill:V00|improvised|ipc_conversation,"{""avg_fps"": 30.0, ""movement_mask_present"": true, ""npz_frames_min"": 4260, ""npz_status"": ""ok"", ""render_frames"": 300, ""stratum"": ""V00|improvised|ipc_conversation"", ""targeted_role"": ""stratified_fill"", ""valid_frac_box"": 1.0, ""valid_frac_movement"": 0.985915, ""valid_frac_smplh"": 1.0, ""video_nb_frames"": 4260}",render
item_139,uniform_200_139_V03_S1755_I00000220_P5061_f0001052,V03_S1755_I00000220_P5061,naturalistic/test/0003/0016/V03_S1755_I00000220_P5061,naturalistic/test/0003/0040/V03_S1755_I00000220_P5060,uniform_200,1052,V03,naturalistic,test,ipc_conversation,uniform random over renderable corpus rows,"{""avg_fps"": 29.97003, ""movement_mask_present"": false, ""npz_frames_min"": 2997, ""npz_status"": ""ok"", ""render_frames"": 300, ""uniform_draw"": 0.00095814, ""valid_frac_box"": 1.0, ""valid_frac_movement"": null, ""valid_frac_smplh"": 0.903237, ""video_nb_frames"": 2997}",render
item_129,uniform_200_129_V03_S1322_I00000111_P3025_f0001021,V03_S1322_I00000111_P3025,naturalistic/train/0145/0061/V03_S1322_I00000111_P3025,naturalistic/train/0145/0110/V03_S1322_I00000111_P1570,uniform_200,1021,V03,naturalistic,train,ipc_conversation,uniform random over renderable corpus rows,"{""avg_fps"": 29.97003, ""movement_mask_present"": false, ""npz_frames_min"": 7252, ""npz_status"": ""ok"", ""render_frames"": 300, ""uniform_draw"": 0.000835239, ""valid_frac_box"": 1.0, ""valid_frac_movement"": null, ""valid_frac_smplh"": 0.985108, ""video_nb_frames"": 7253}",render
item_243,targeted_100_243_V03_S0772_I00000135_P2713_f0000332,V03_S0772_I00000135_P2713,improvised/train/0065/0141/V03_S0772_I00000135_P2713,improvised/train/0065/0004/V03_S0772_I00000135_P2462,targeted_100,332,V03,improvised,train,collaborative_storytelling,stratified_fill:V03|improvised|collaborative_storytelling,"{""avg_fps"": 29.97003, ""movement_mask_present"": false, ""npz_frames_min"": 5514, ""npz_status"": ""ok"", ""render_frames"": 300, ""stratum"": ""V03|improvised|collaborative_storytelling"", ""targeted_role"": ""stratified_fill"", ""valid_frac_box"": 1.0, ""valid_frac_movement"": null, ""valid_frac_smplh"": 0.412042, ""video_nb_frames"": 5514}",render
item_200,targeted_100_200_V00_S0648_I00000545_P0801_f0000870,V00_S0648_I00000545_P0801,improvised/dev/0000/0041/V00_S0648_I00000545_P0801,improvised/dev/0000/0034/V00_S0648_I00000545_P0299A,targeted_100,870,V00,improvised,dev,ipc_conversation,extreme:session1_dev_highest_wrist_speed_p90,"{""avg_fps"": 30.0, ""movement_mask_present"": true, ""npz_frames_min"": 5640, ""npz_status"": ""ok"", ""render_frames"": 300, ""session1_metric"": ""wrist_speed_p90_max"", ""session1_value"": 226.05224172036102, ""targeted_role"": ""extreme"", ""valid_frac_box"": 1.0, ""valid_frac_movement"": 0.893617, ""valid_frac_smplh"": 0.97039, ""video_nb_frames"": 5640}",render
item_127,uniform_200_127_V02_S3294_I00000387_P4152_f0004719,V02_S3294_I00000387_P4152,naturalistic/train/0059/0017/V02_S3294_I00000387_P4152,naturalistic/train/0059/0056/V02_S3294_I00000387_P4151,uniform_200,4719,V02,naturalistic,train,ipc_conversation,uniform random over renderable corpus rows,"{""avg_fps"": 30.0, ""movement_mask_present"": false, ""npz_frames_min"": 5640, ""npz_status"": ""ok"", ""render_frames"": 300, ""uniform_draw"": 0.000818002, ""valid_frac_box"": 1.0, ""valid_frac_movement"": null, ""valid_frac_smplh"": 0.91117, ""video_nb_frames"": 5640}",render
item_248,targeted_100_248_V03_S1151_I00000066_P3621_f0001430,V03_S1151_I00000066_P3621,naturalistic/train/0138/0054/V03_S1151_I00000066_P3621,naturalistic/train/0138/0095/V03_S1151_I00000066_P3637,targeted_100,1430,V03,naturalistic,train,grounded_gesture,stratified_fill:V03|naturalistic|grounded_gesture,"{""avg_fps"": 29.97003, ""movement_mask_present"": false, ""npz_frames_min"": 7253, ""npz_status"": ""ok"", ""render_frames"": 300, ""stratum"": ""V03|naturalistic|grounded_gesture"", ""targeted_role"": ""stratified_fill"", ""valid_frac_box"": 1.0, ""valid_frac_movement"": null, ""valid_frac_smplh"": 0.979457, ""video_nb_frames"": 7253}",render
item_284,targeted_100_284_V00_S0391_I00000520_P0520_f0003158,V00_S0391_I00000520_P0520,naturalistic/train/0010/0044/V00_S0391_I00000520_P0520,naturalistic/train/0010/0025/V00_S0391_I00000520_P0519,targeted_100,3158,V00,naturalistic,train,grounded_gesture,stratified_fill:V00|naturalistic|grounded_gesture,"{""avg_fps"": 30.0, ""movement_mask_present"": true, ""npz_frames_min"": 8340, ""npz_status"": ""ok"", ""render_frames"": 300, ""stratum"": ""V00|naturalistic|grounded_gesture"", ""targeted_role"": ""stratified_fill"", ""valid_frac_box"": 1.0, ""valid_frac_movement"": 0.884892, ""valid_frac_smplh"": 0.978897, ""video_nb_frames"": 8340}",render
item_041,uniform_200_041_V02_S5275_I00000182_P5234_f0000881,V02_S5275_I00000182_P5234,naturalistic/train/0098/0029/V02_S5275_I00000182_P5234,naturalistic/train/0098/0007/V02_S5275_I00000182_P5268,uniform_200,881,V02,naturalistic,train,ipc_conversation,uniform random over renderable corpus rows,"{""avg_fps"": 30.0, ""movement_mask_present"": false, ""npz_frames_min"": 5040, ""npz_status"": ""ok"", ""render_frames"": 300, ""uniform_draw"": 0.000218159, ""valid_frac_box"": 1.0, ""valid_frac_movement"": null, ""valid_frac_smplh"": 0.954167, ""video_nb_frames"": 5040}",render
item_021,uniform_200_021_V03_S0884_I00000131_P3079_f0003911,V03_S0884_I00000131_P3079,naturalistic/train/0128/0068/V03_S0884_I00000131_P3079,naturalistic/train/0128/0050/V03_S0884_I00000131_P3078,uniform_200,3911,V03,naturalistic,train,ipc_conversation,uniform random over renderable corpus rows,"{""avg_fps"": 29.97003, ""movement_mask_present"": false, ""npz_frames_min"": 5515, ""npz_status"": ""ok"", ""render_frames"": 300, ""uniform_draw"": 0.000112566, ""valid_frac_box"": 1.0, ""valid_frac_movement"": null, ""valid_frac_smplh"": 0.970263, ""video_nb_frames"": 5515}",render
item_265,targeted_100_265_V01_S1267_I00000125_P2284_f0003052,V01_S1267_I00000125_P2284,naturalistic/dev/0001/0002/V01_S1267_I00000125_P2284,naturalistic/dev/0001/0010/V01_S1267_I00000125_P2283,targeted_100,3052,V01,naturalistic,dev,ipc_conversation,stratified_fill:V01|naturalistic|ipc_conversation,"{""avg_fps"": 29.97003, ""movement_mask_present"": false, ""npz_frames_min"": 3656, ""npz_status"": ""ok"", ""render_frames"": 300, ""stratum"": ""V01|naturalistic|ipc_conversation"", ""targeted_role"": ""stratified_fill"", ""valid_frac_box"": 1.0, ""valid_frac_movement"": null, ""valid_frac_smplh"": 0.984136, ""video_nb_frames"": 3656}",render
item_165,uniform_200_165_V01_S0258_I00001224_P1466_f0001992,V01_S0258_I00001224_P1466,improvised/train/0051/0037/V01_S0258_I00001224_P1466,improvised/train/0051/0017/V01_S0258_I00001224_P1467,uniform_200,1992,V01,improvised,train,ipc_conversation,uniform random over renderable corpus rows,"{""avg_fps"": 29.97003, ""movement_mask_present"": false, ""npz_frames_min"": 3657, ""npz_status"": ""ok"", ""render_frames"": 300, ""uniform_draw"": 0.001167065, ""valid_frac_box"": 1.0, ""valid_frac_movement"": null, ""valid_frac_smplh"": 1.0, ""video_nb_frames"": 3657}",render
item_039,uniform_200_039_V02_S3623_I00000190_P4243_f0002740,V02_S3623_I00000190_P4243,naturalistic/train/0079/0035/V02_S3623_I00000190_P4243,naturalistic/train/0079/0037/V02_S3623_I00000190_P4241,uniform_200,2740,V02,naturalistic,train,ipc_conversation,uniform random over renderable corpus rows,"{""avg_fps"": 30.0, ""movement_mask_present"": false, ""npz_frames_min"": 5520, ""npz_status"": ""ok"", ""render_frames"": 300, ""uniform_draw"": 0.000215567, ""valid_frac_box"": 1.0, ""valid_frac_movement"": null, ""valid_frac_smplh"": 0.994746, ""video_nb_frames"": 5520}",render
item_056,uniform_200_056_V01_S1826_I00000705_P2619_f0003665,V01_S1826_I00000705_P2619,improvised/train/0060/0023/V01_S1826_I00000705_P2619,improvised/train/0060/0037/V01_S1826_I00000705_P2733,uniform_200,3665,V01,improvised,train,ipc_conversation,uniform random over renderable corpus rows,"{""avg_fps"": 29.980013, ""movement_mask_present"": false, ""npz_frames_min"": 5577, ""npz_status"": ""ok"", ""render_frames"": 300, ""uniform_draw"": 0.000315405, ""valid_frac_box"": 1.0, ""valid_frac_movement"": null, ""valid_frac_smplh"": 0.998924, ""video_nb_frames"": 5577}",render
item_062,uniform_200_062_V03_S1609_I00000181_P3884_f0007295,V03_S1609_I00000181_P3884,naturalistic/train/0158/0071/V03_S1609_I00000181_P3884,naturalistic/train/0158/0091/V03_S1609_I00000181_P4623,uniform_200,7295,V03,naturalistic,train,ipc_conversation,uniform random over renderable corpus rows,"{""avg_fps"": 29.97003, ""movement_mask_present"": false, ""npz_frames_min"": 8751, ""npz_status"": ""ok"", ""render_frames"": 300, ""uniform_draw"": 0.000350999, ""valid_frac_box"": 1.0, ""valid_frac_movement"": null, ""valid_frac_smplh"": 0.999771, ""video_nb_frames"": 8751}",render
item_195,uniform_200_195_V01_S0514_I00001129_P1772_f0006415,V01_S0514_I00001129_P1772,improvised/train/0055/0004/V01_S0514_I00001129_P1772,improvised/train/0055/0022/V01_S0514_I00001129_P1512,uniform_200,6415,V01,improvised,train,ipc_conversation,uniform random over renderable corpus rows,"{""avg_fps"": 29.980013, ""movement_mask_present"": false, ""npz_frames_min"": 9234, ""npz_status"": ""ok"", ""render_frames"": 300, ""uniform_draw"": 0.001362028, ""valid_frac_box"": 1.0, ""valid_frac_movement"": null, ""valid_frac_smplh"": 0.949859, ""video_nb_frames"": 9234}",render
item_108,uniform_200_108_V02_S5071_I00000204_P5060_f0001612,V02_S5071_I00000204_P5060,naturalistic/train/0085/0003/V02_S5071_I00000204_P5060,naturalistic/train/0085/0019/V02_S5071_I00000204_P5090,uniform_200,1612,V02,naturalistic,train,ipc_conversation,uniform random over renderable corpus rows,"{""avg_fps"": 30.0, ""movement_mask_present"": false, ""npz_frames_min"": 4980, ""npz_status"": ""ok"", ""render_frames"": 300, ""uniform_draw"": 0.00069806, ""valid_frac_box"": 1.0, ""valid_frac_movement"": null, ""valid_frac_smplh"": 1.0, ""video_nb_frames"": 4980}",render
item_286,targeted_100_286_V01_S0095_I00000129_P1182_f0001187,V01_S0095_I00000129_P1182,improvised/train/0050/0013/V01_S0095_I00000129_P1182,improvised/train/0050/0011/V01_S0095_I00000129_P1183,targeted_100,1187,V01,improvised,train,charades,stratified_fill:V01|improvised|charades,"{""avg_fps"": 29.97003, ""movement_mask_present"": false, ""npz_frames_min"": 2997, ""npz_status"": ""ok"", ""render_frames"": 300, ""stratum"": ""V01|improvised|charades"", ""targeted_role"": ""stratified_fill"", ""valid_frac_box"": 1.0, ""valid_frac_movement"": null, ""valid_frac_smplh"": 0.95629, ""video_nb_frames"": 2997}",render
item_287,targeted_100_287_V01_S0171_I00001295_P1315_f0001938,V01_S0171_I00001295_P1315,improvised/train/0050/0036/V01_S0171_I00001295_P1315,improvised/train/0050/0030/V01_S0171_I00001295_P1314,targeted_100,1938,V01,improvised,train,collaborative_storytelling,stratified_fill:V01|improvised|collaborative_storytelling,"{""avg_fps"": 30.0, ""movement_mask_present"": false, ""npz_frames_min"": 4140, ""npz_status"": ""ok"", ""render_frames"": 300, ""stratum"": ""V01|improvised|collaborative_storytelling"", ""targeted_role"": ""stratified_fill"", ""valid_frac_box"": 1.0, ""valid_frac_movement"": null, ""valid_frac_smplh"": 1.0, ""video_nb_frames"": 4139}",render
item_078,uniform_200_078_V00_S0327_I00000135_P0383_f0001595,V00_S0327_I00000135_P0383,naturalistic/train/0008/0000/V00_S0327_I00000135_P0383,naturalistic/train/0008/0043/V00_S0327_I00000135_P0150A,uniform_200,1595,V00,naturalistic,train,collaborative_storytelling,uniform random over renderable corpus rows,"{""avg_fps"": 30.0, ""movement_mask_present"": true, ""npz_frames_min"": 3480, ""npz_status"": ""ok"", ""render_frames"": 300, ""uniform_draw"": 0.000432796, ""valid_frac_box"": 1.0, ""valid_frac_movement"": 0.948276, ""valid_frac_smplh"": 0.988506, ""video_nb_frames"": 3480}",render
item_220,targeted_100_220_V03_S1558_I00000000_P1425_f0000464,V03_S1558_I00000000_P1425,naturalistic/train/0156/0114/V03_S1558_I00000000_P1425,naturalistic/train/0156/0090/V03_S1558_I00000000_P3264,targeted_100,464,V03,naturalistic,train,ipc_conversation,extreme:rarest_raster_1080x960,"{""avg_fps"": 29.97003, ""corpus_files_with_this_raster"": 28, ""movement_mask_present"": false, ""npz_frames_min"": 6354, ""npz_status"": ""ok"", ""render_frames"": 300, ""targeted_role"": ""extreme"", ""valid_frac_box"": 1.0, ""valid_frac_movement"": null, ""valid_frac_smplh"": 0.99276, ""video_height"": 960, ""video_nb_frames"": 6353, ""video_width"": 1080}",render
item_067,uniform_200_067_V00_S1371_I00001078_P0557A_f0004286,V00_S1371_I00001078_P0557A,improvised/train/0031/0015/V00_S1371_I00001078_P0557A,improvised/train/0031/0052/V00_S1371_I00001078_P0682A,uniform_200,4286,V00,improvised,train,ipc_conversation,uniform random over renderable corpus rows,"{""avg_fps"": 30.0, ""movement_mask_present"": true, ""npz_frames_min"": 11280, ""npz_status"": ""ok"", ""render_frames"": 300, ""uniform_draw"": 0.000389365, ""valid_frac_box"": 1.0, ""valid_frac_movement"": 0.888298, ""valid_frac_smplh"": 1.0, ""video_nb_frames"": 11280}",render
item_126,uniform_200_126_V00_S1122_I00000237_P1088_f0001085,V00_S1122_I00000237_P1088,naturalistic/train/0026/0011/V00_S1122_I00000237_P1088,naturalistic/train/0026/0037/V00_S1122_I00000237_P1089,uniform_200,1085,V00,naturalistic,train,ipc_conversation,uniform random over renderable corpus rows,"{""avg_fps"": 30.0, ""movement_mask_present"": true, ""npz_frames_min"": 4320, ""npz_status"": ""ok"", ""render_frames"": 300, ""uniform_draw"": 0.00081184, ""valid_frac_box"": 1.0, ""valid_frac_movement"": 1.0, ""valid_frac_smplh"": 1.0, ""video_nb_frames"": 4320}",render
item_005,uniform_200_005_V00_S0742_I00000376_P0886_f0004522,V00_S0742_I00000376_P0886,naturalistic/train/0021/0018/V00_S0742_I00000376_P0886,naturalistic/train/0021/0002/V00_S0742_I00000376_P0887,uniform_200,4522,V00,naturalistic,train,charades,uniform random over renderable corpus rows,"{""avg_fps"": 30.0, ""movement_mask_present"": true, ""npz_frames_min"": 7200, ""npz_status"": ""ok"", ""render_frames"": 300, ""uniform_draw"": 1.9984e-05, ""valid_frac_box"": 0.972083, ""valid_frac_movement"": 0.7, ""valid_frac_smplh"": 0.876667, ""video_nb_frames"": 7200}",render
item_177,uniform_200_177_V03_S0461_I00000426_P2257_f0005189,V03_S0461_I00000426_P2257,naturalistic/train/0121/0029/V03_S0461_I00000426_P2257,naturalistic/train/0121/0012/V03_S0461_I00000426_P2256,uniform_200,5189,V03,naturalistic,train,ipc_conversation,uniform random over renderable corpus rows,"{""avg_fps"": 29.97003, ""movement_mask_present"": false, ""npz_frames_min"": 5874, ""npz_status"": ""ok"", ""render_frames"": 300, ""uniform_draw"": 0.001261454, ""valid_frac_box"": 1.0, ""valid_frac_movement"": null, ""valid_frac_smplh"": 0.967824, ""video_nb_frames"": 5874}",render
item_080,uniform_200_080_V03_S1323_I00000310_P3265_f0006656,V03_S1323_I00000310_P3265,naturalistic/train/0145/0115/V03_S1323_I00000310_P3265,naturalistic/train/0145/0119/V03_S1323_I00000310_P1425,uniform_200,6656,V03,naturalistic,train,grounded_gesture,uniform random over renderable corpus rows,"{""avg_fps"": 29.97003, ""movement_mask_present"": false, ""npz_frames_min"": 7133, ""npz_status"": ""ok"", ""render_frames"": 300, ""uniform_draw"": 0.000437742, ""valid_frac_box"": 1.0, ""valid_frac_movement"": null, ""valid_frac_smplh"": 0.97799, ""video_nb_frames"": 7133}",render
item_101,uniform_200_101_V03_S1744_I00000204_P5010_f0000898,V03_S1744_I00000204_P5010,naturalistic/train/0165/0080/V03_S1744_I00000204_P5010,naturalistic/train/0165/0011/V03_S1744_I00000204_P4683,uniform_200,898,V03,naturalistic,train,ipc_conversation,uniform random over renderable corpus rows,"{""avg_fps"": 29.97003, ""movement_mask_present"": false, ""npz_frames_min"": 12227, ""npz_status"": ""ok"", ""render_frames"": 300, ""uniform_draw"": 0.000649497, ""valid_frac_box"": 1.0, ""valid_frac_movement"": null, ""valid_frac_smplh"": 0.988714, ""video_nb_frames"": 12227}",render
item_128,uniform_200_128_V02_S5048_I00000729_P5057_f0003819,V02_S5048_I00000729_P5057,naturalistic/train/0084/0043/V02_S5048_I00000729_P5057,naturalistic/train/0084/0030/V02_S5048_I00000729_P5047,uniform_200,3819,V02,naturalistic,train,grounded_gesture,uniform random over renderable corpus rows,"{""avg_fps"": 30.0, ""movement_mask_present"": false, ""npz_frames_min"": 5880, ""npz_status"": ""ok"", ""render_frames"": 300, ""uniform_draw"": 0.000832111, ""valid_frac_box"": 1.0, ""valid_frac_movement"": null, ""valid_frac_smplh"": 0.935544, ""video_nb_frames"": 5880}",render
item_135,uniform_200_135_V00_S1357_I00000162_P1077_f0003127,V00_S1357_I00000162_P1077,naturalistic/train/0027/0041/V00_S1357_I00000162_P1077,naturalistic/train/0027/0033/V00_S1357_I00000162_P1129,uniform_200,3127,V00,naturalistic,train,ipc_conversation,uniform random over renderable corpus rows,"{""avg_fps"": 30.0, ""movement_mask_present"": true, ""npz_frames_min"": 3480, ""npz_status"": ""ok"", ""render_frames"": 300, ""uniform_draw"": 0.000893544, ""valid_frac_box"": 1.0, ""valid_frac_movement"": 1.0, ""valid_frac_smplh"": 1.0, ""video_nb_frames"": 3480}",render
item_281,targeted_100_281_V00_S0646_I00000852_P0005A_f0003988,V00_S0646_I00000852_P0005A,improvised/train/0012/0008/V00_S0646_I00000852_P0005A,improvised/train/0012/0009/V00_S0646_I00000852_P0658A,targeted_100,3988,V00,improvised,train,ipc_conversation,stratified_fill:V00|improvised|ipc_conversation,"{""avg_fps"": 30.0, ""movement_mask_present"": true, ""npz_frames_min"": 16800, ""npz_status"": ""ok"", ""render_frames"": 300, ""stratum"": ""V00|improvised|ipc_conversation"", ""targeted_role"": ""stratified_fill"", ""valid_frac_box"": 1.0, ""valid_frac_movement"": 0.989286, ""valid_frac_smplh"": 0.997679, ""video_nb_frames"": 16800}",render
item_075,uniform_200_075_V03_S0769_I00000377_P1728_f0003898,V03_S0769_I00000377_P1728,naturalistic/train/0126/0035/V03_S0769_I00000377_P1728,naturalistic/train/0126/0118/V03_S0769_I00000377_P1725,uniform_200,3898,V03,naturalistic,train,ipc_conversation,uniform random over renderable corpus rows,"{""avg_fps"": 29.97003, ""movement_mask_present"": false, ""npz_frames_min"": 5395, ""npz_status"": ""ok"", ""render_frames"": 300, ""uniform_draw"": 0.000418841, ""valid_frac_box"": 1.0, ""valid_frac_movement"": null, ""valid_frac_smplh"": 1.0, ""video_nb_frames"": 5395}",render
item_151,uniform_200_151_V03_S1717_I00000242_P4897_f0000720,V03_S1717_I00000242_P4897,naturalistic/train/0164/0008/V03_S1717_I00000242_P4897,naturalistic/train/0164/0022/V03_S1717_I00000242_P4896,uniform_200,720,V03,naturalistic,train,ipc_conversation,uniform random over renderable corpus rows,"{""avg_fps"": 29.97003, ""movement_mask_present"": false, ""npz_frames_min"": 4795, ""npz_status"": ""ok"", ""render_frames"": 300, ""uniform_draw"": 0.001050675, ""valid_frac_box"": 1.0, ""valid_frac_movement"": null, ""valid_frac_smplh"": 0.122419, ""video_nb_frames"": 4796}",render
item_060,uniform_200_060_V02_S5076_I00000184_P5100_f0000523,V02_S5076_I00000184_P5100,naturalistic/train/0085/0037/V02_S5076_I00000184_P5100,naturalistic/train/0085/0027/V02_S5076_I00000184_P5099,uniform_200,523,V02,naturalistic,train,ipc_conversation,uniform random over renderable corpus rows,"{""avg_fps"": 30.0, ""movement_mask_present"": false, ""npz_frames_min"": 5160, ""npz_status"": ""ok"", ""render_frames"": 300, ""uniform_draw"": 0.000325608, ""valid_frac_box"": 1.0, ""valid_frac_movement"": null, ""valid_frac_smplh"": 1.0, ""video_nb_frames"": 5160}",render
item_259,targeted_100_259_V01_S1823_I00000644_P2639_f0002183,V01_S1823_I00000644_P2639,improvised/train/0060/0045/V01_S1823_I00000644_P2639,improvised/train/0060/0023/V01_S1823_I00000644_P2731,targeted_100,2183,V01,improvised,train,collaborative_storytelling,stratified_fill:V01|improvised|collaborative_storytelling,"{""avg_fps"": 29.97003, ""movement_mask_present"": false, ""npz_frames_min"": 3416, ""npz_status"": ""ok"", ""render_frames"": 300, ""stratum"": ""V01|improvised|collaborative_storytelling"", ""targeted_role"": ""stratified_fill"", ""valid_frac_box"": 1.0, ""valid_frac_movement"": null, ""valid_frac_smplh"": 1.0, ""video_nb_frames"": 3416}",render
item_098,uniform_200_098_V03_S1722_I00000076_P1892_f0000234,V03_S1722_I00000076_P1892,naturalistic/train/0164/0027/V03_S1722_I00000076_P1892,naturalistic/train/0164/0060/V03_S1722_I00000076_P1369,uniform_200,234,V03,naturalistic,train,grounded_gesture,uniform random over renderable corpus rows,"{""avg_fps"": 29.97003, ""movement_mask_present"": false, ""npz_frames_min"": 3956, ""npz_status"": ""ok"", ""render_frames"": 300, ""uniform_draw"": 0.000626194, ""valid_frac_box"": 1.0, ""valid_frac_movement"": null, ""valid_frac_smplh"": 0.173155, ""video_nb_frames"": 3957}",render
item_176,uniform_200_176_V00_S0252_I00000497_P0346_f0010086,V00_S0252_I00000497_P0346,naturalistic/train/0006/0002/V00_S0252_I00000497_P0346,naturalistic/train/0006/0028/V00_S0252_I00000497_P0347,uniform_200,10086,V00,naturalistic,train,grounded_gesture,uniform random over renderable corpus rows,"{""avg_fps"": 30.0, ""movement_mask_present"": true, ""npz_frames_min"": 12600, ""npz_status"": ""ok"", ""render_frames"": 300, ""uniform_draw"": 0.00125911, ""valid_frac_box"": 1.0, ""valid_frac_movement"": 0.928571, ""valid_frac_smplh"": 0.977222, ""video_nb_frames"": 12600}",render
item_014,uniform_200_014_V01_S0127_I00000126_P1239_f0002019,V01_S0127_I00000126_P1239,naturalistic/train/0036/0003/V01_S0127_I00000126_P1239,naturalistic/train/0036/0027/V01_S0127_I00000126_P1238,uniform_200,2019,V01,naturalistic,train,ipc_conversation,uniform random over renderable corpus rows,"{""avg_fps"": 29.97003, ""movement_mask_present"": false, ""npz_frames_min"": 2697, ""npz_status"": ""ok"", ""render_frames"": 300, ""uniform_draw"": 5.7082e-05, ""valid_frac_box"": 1.0, ""valid_frac_movement"": null, ""valid_frac_smplh"": 0.888765, ""video_nb_frames"": 2697}",render
item_263,targeted_100_263_V01_S0039_I00000135_P1075_f0007607,V01_S0039_I00000135_P1075,naturalistic/test/0001/0045/V01_S0039_I00000135_P1075,naturalistic/test/0001/0040/V01_S0039_I00000135_P1074,targeted_100,7607,V01,naturalistic,test,collaborative_storytelling,stratified_fill:V01|naturalistic|collaborative_storytelling,"{""avg_fps"": 29.97003, ""movement_mask_present"": false, ""npz_frames_min"": 8632, ""npz_status"": ""ok"", ""render_frames"": 300, ""stratum"": ""V01|naturalistic|collaborative_storytelling"", ""targeted_role"": ""stratified_fill"", ""valid_frac_box"": 1.0, ""valid_frac_movement"": null, ""valid_frac_smplh"": 0.914968, ""video_nb_frames"": 8632}",render
item_016,uniform_200_016_V03_S1964_I00000204_P5358_f0007847,V03_S1964_I00000204_P5358,naturalistic/train/0174/0080/V03_S1964_I00000204_P5358,naturalistic/train/0174/0037/V03_S1964_I00000204_P3848,uniform_200,7847,V03,naturalistic,train,ipc_conversation,uniform random over renderable corpus rows,"{""avg_fps"": 29.97003, ""movement_mask_present"": false, ""npz_frames_min"": 9351, ""npz_status"": ""ok"", ""render_frames"": 300, ""uniform_draw"": 6.9983e-05, ""valid_frac_box"": 1.0, ""valid_frac_movement"": null, ""valid_frac_smplh"": 0.886108, ""video_nb_frames"": 9350}",render
item_163,uniform_200_163_V03_S1737_I00000274_P4946_f0000034,V03_S1737_I00000274_P4946,naturalistic/train/0165/0142/V03_S1737_I00000274_P4946,naturalistic/train/0165/0068/V03_S1737_I00000274_P4755,uniform_200,34,V03,naturalistic,train,ipc_conversation,uniform random over renderable corpus rows,"{""avg_fps"": 29.97003, ""movement_mask_present"": false, ""npz_frames_min"": 4256, ""npz_status"": ""ok"", ""render_frames"": 300, ""uniform_draw"": 0.001119985, ""valid_frac_box"": 1.0, ""valid_frac_movement"": null, ""valid_frac_smplh"": 0.920348, ""video_nb_frames"": 4255}",render
item_031,uniform_200_031_V00_S0160_I00000488_P0230_f0002849,V00_S0160_I00000488_P0230,improvised/train/0003/0010/V00_S0160_I00000488_P0230,improvised/train/0003/0027/V00_S0160_I00000488_P0027A,uniform_200,2849,V00,improvised,train,ipc_conversation,uniform random over renderable corpus rows,"{""avg_fps"": 30.0, ""movement_mask_present"": true, ""npz_frames_min"": 7500, ""npz_status"": ""ok"", ""render_frames"": 300, ""uniform_draw"": 0.000178622, ""valid_frac_box"": 1.0, ""valid_frac_movement"": 0.784, ""valid_frac_smplh"": 0.980267, ""video_nb_frames"": 7500}",render
item_050,uniform_200_050_V02_S3495_I00000734_P4218_f0002317,V02_S3495_I00000734_P4218,naturalistic/train/0071/0054/V02_S3495_I00000734_P4218,naturalistic/train/0071/0006/V02_S3495_I00000734_P4087,uniform_200,2317,V02,naturalistic,train,grounded_gesture,uniform random over renderable corpus rows,"{""avg_fps"": 30.0, ""movement_mask_present"": false, ""npz_frames_min"": 3120, ""npz_status"": ""ok"", ""render_frames"": 300, ""uniform_draw"": 0.000264234, ""valid_frac_box"": 1.0, ""valid_frac_movement"": null, ""valid_frac_smplh"": 0.980769, ""video_nb_frames"": 3120}",render
item_138,uniform_200_138_V03_S1246_I00000057_P3866_f0007827,V03_S1246_I00000057_P3866,naturalistic/train/0142/0058/V03_S1246_I00000057_P3866,naturalistic/train/0142/0001/V03_S1246_I00000057_P3867,uniform_200,7827,V03,naturalistic,train,ipc_conversation,uniform random over renderable corpus rows,"{""avg_fps"": 29.97003, ""movement_mask_present"": false, ""npz_frames_min"": 10130, ""npz_status"": ""ok"", ""render_frames"": 300, ""uniform_draw"": 0.000949704, ""valid_frac_box"": 1.0, ""valid_frac_movement"": null, ""valid_frac_smplh"": 0.993978, ""video_nb_frames"": 10129}",render
item_117,uniform_200_117_V02_S5027_I00000131_P5029_f0001140,V02_S5027_I00000131_P5029,naturalistic/train/0082/0008/V02_S5027_I00000131_P5029,naturalistic/train/0082/0008/V02_S5027_I00000131_P5034,uniform_200,1140,V02,naturalistic,train,ipc_conversation,uniform random over renderable corpus rows,"{""avg_fps"": 30.0, ""movement_mask_present"": false, ""npz_frames_min"": 5040, ""npz_status"": ""ok"", ""render_frames"": 300, ""uniform_draw"": 0.000759684, ""valid_frac_box"": 1.0, ""valid_frac_movement"": null, ""valid_frac_smplh"": 0.997222, ""video_nb_frames"": 5040}",render
item_166,uniform_200_166_V00_S0856_I00000875_P0359A_f0002746,V00_S0856_I00000875_P0359A,improvised/train/0017/0005/V00_S0856_I00000875_P0359A,improvised/train/0017/0035/V00_S0856_I00000875_P0196A,uniform_200,2746,V00,improvised,train,ipc_conversation,uniform random over renderable corpus rows,"{""avg_fps"": 30.0, ""movement_mask_present"": true, ""npz_frames_min"": 10140, ""npz_status"": ""ok"", ""render_frames"": 300, ""uniform_draw"": 0.001171736, ""valid_frac_box"": 1.0, ""valid_frac_movement"": 0.710059, ""valid_frac_smplh"": 0.984221, ""video_nb_frames"": 10140}",render
item_238,targeted_100_238_V02_S3114_I00000129_P4075_f0001842,V02_S3114_I00000129_P4075,naturalistic/train/0048/0017/V02_S3114_I00000129_P4075,naturalistic/train/0048/0027/V02_S3114_I00000129_P4064,targeted_100,1842,V02,naturalistic,train,charades,stratified_fill:V02|naturalistic|charades,"{""avg_fps"": 30.0, ""movement_mask_present"": false, ""npz_frames_min"": 4020, ""npz_status"": ""ok"", ""render_frames"": 300, ""stratum"": ""V02|naturalistic|charades"", ""targeted_role"": ""stratified_fill"", ""valid_frac_box"": 1.0, ""valid_frac_movement"": null, ""valid_frac_smplh"": 0.982587, ""video_nb_frames"": 4020}",render
item_228,targeted_100_228_V00_S0405_I00000497_P0535_f0000617,V00_S0405_I00000497_P0535,naturalistic/train/0011/0040/V00_S0405_I00000497_P0535,naturalistic/train/0011/0016/V00_S0405_I00000497_P0538,targeted_100,617,V00,naturalistic,train,grounded_gesture,stratified_fill:V00|naturalistic|grounded_gesture,"{""avg_fps"": 30.0, ""movement_mask_present"": true, ""npz_frames_min"": 4200, ""npz_status"": ""ok"", ""render_frames"": 300, ""stratum"": ""V00|naturalistic|grounded_gesture"", ""targeted_role"": ""stratified_fill"", ""valid_frac_box"": 1.0, ""valid_frac_movement"": 0.942857, ""valid_frac_smplh"": 0.987381, ""video_nb_frames"": 4200}",render
item_037,uniform_200_037_V00_S1547_I00001159_P0799A_f0004717,V00_S1547_I00001159_P0799A,improvised/train/0037/0023/V00_S1547_I00001159_P0799A,improvised/train/0037/0030/V00_S1547_I00001159_P0921A,uniform_200,4717,V00,improvised,train,ipc_conversation,uniform random over renderable corpus rows,"{""avg_fps"": 30.0, ""movement_mask_present"": true, ""npz_frames_min"": 5520, ""npz_status"": ""ok"", ""render_frames"": 300, ""uniform_draw"": 0.000208611, ""valid_frac_box"": 1.0, ""valid_frac_movement"": 0.76087, ""valid_frac_smplh"": 0.994565, ""video_nb_frames"": 5520}",render
item_123,uniform_200_123_V03_S1741_I00000008_P5001_f0011325,V03_S1741_I00000008_P5001,naturalistic/train/0165/0158/V03_S1741_I00000008_P5001,naturalistic/train/0165/0057/V03_S1741_I00000008_P1684,uniform_200,11325,V03,naturalistic,train,ipc_conversation,uniform random over renderable corpus rows,"{""avg_fps"": 29.97003, ""movement_mask_present"": false, ""npz_frames_min"": 14205, ""npz_status"": ""ok"", ""render_frames"": 300, ""uniform_draw"": 0.000795865, ""valid_frac_box"": 1.0, ""valid_frac_movement"": null, ""valid_frac_smplh"": 1.0, ""video_nb_frames"": 14205}",render
item_267,targeted_100_267_V02_S3315_I00000135_P4161_f0003779,V02_S3315_I00000135_P4161,naturalistic/train/0060/0019/V02_S3315_I00000135_P4161,naturalistic/train/0060/0040/V02_S3315_I00000135_P4162,targeted_100,3779,V02,naturalistic,train,collaborative_storytelling,stratified_fill:V02|naturalistic|collaborative_storytelling,"{""avg_fps"": 30.0, ""movement_mask_present"": false, ""npz_frames_min"": 5520, ""npz_status"": ""ok"", ""render_frames"": 300, ""stratum"": ""V02|naturalistic|collaborative_storytelling"", ""targeted_role"": ""stratified_fill"", ""valid_frac_box"": 1.0, ""valid_frac_movement"": null, ""valid_frac_smplh"": 0.96087, ""video_nb_frames"": 5520}",render
item_008,uniform_200_008_V00_S0393_I00000520_P0523_f0002397,V00_S0393_I00000520_P0523,naturalistic/train/0010/0029/V00_S0393_I00000520_P0523,naturalistic/train/0010/0021/V00_S0393_I00000520_P0193,uniform_200,2397,V00,naturalistic,train,grounded_gesture,uniform random over renderable corpus rows,"{""avg_fps"": 30.0, ""movement_mask_present"": true, ""npz_frames_min"": 4860, ""npz_status"": ""ok"", ""render_frames"": 300, ""uniform_draw"": 3.766e-05, ""valid_frac_box"": 1.0, ""valid_frac_movement"": 0.876543, ""valid_frac_smplh"": 1.0, ""video_nb_frames"": 4860}",render
item_233,targeted_100_233_V01_S1823_I00000636_P2731_f0001735,V01_S1823_I00000636_P2731,improvised/train/0060/0027/V01_S1823_I00000636_P2731,improvised/train/0060/0041/V01_S1823_I00000636_P2639,targeted_100,1735,V01,improvised,train,ipc_conversation,stratified_fill:V01|improvised|ipc_conversation,"{""avg_fps"": 29.97003, ""movement_mask_present"": false, ""npz_frames_min"": 6713, ""npz_status"": ""ok"", ""render_frames"": 300, ""stratum"": ""V01|improvised|ipc_conversation"", ""targeted_role"": ""stratified_fill"", ""valid_frac_box"": 1.0, ""valid_frac_movement"": null, ""valid_frac_smplh"": 1.0, ""video_nb_frames"": 6714}",render
item_254,targeted_100_254_V00_S0703_I00000481_P0855_f0001965,V00_S0703_I00000481_P0855,naturalistic/train/0020/0031/V00_S0703_I00000481_P0855,naturalistic/train/0020/0015/V00_S0703_I00000481_P0858,targeted_100,1965,V00,naturalistic,train,charades,stratified_fill:V00|naturalistic|charades,"{""avg_fps"": 30.0, ""movement_mask_present"": true, ""npz_frames_min"": 4380, ""npz_status"": ""ok"", ""render_frames"": 300, ""stratum"": ""V00|naturalistic|charades"", ""targeted_role"": ""stratified_fill"", ""valid_frac_box"": 1.0, ""valid_frac_movement"": 0.931507, ""valid_frac_smplh"": 1.0, ""video_nb_frames"": 4380}",render
item_202,targeted_100_202_V03_S0861_I00000383_P1662_f0001470,V03_S0861_I00000383_P1662,naturalistic/dev/0002/0027/V03_S0861_I00000383_P1662,naturalistic/dev/0002/0096/V03_S0861_I00000383_P1659,targeted_100,1470,V03,naturalistic,dev,ipc_conversation,extreme:session1_dev_highest_provisional_translation_accel,"{""avg_fps"": 30.0, ""movement_mask_present"": false, ""npz_frames_min"": 5280, ""npz_status"": ""ok"", ""render_frames"": 300, ""session1_metric"": ""accel_max"", ""session1_value"": 1299.704235741995, ""targeted_role"": ""extreme"", ""valid_frac_box"": 1.0, ""valid_frac_movement"": null, ""valid_frac_smplh"": 0.891098, ""video_nb_frames"": 5280}",render
item_136,uniform_200_136_V03_S0285_I00000484_P1741_f0006082,V03_S0285_I00000484_P1741,improvised/train/0063/0063/V03_S0285_I00000484_P1741,improvised/train/0063/0095/V03_S0285_I00000484_P1740,uniform_200,6082,V03,improvised,train,ipc_conversation,uniform random over renderable corpus rows,"{""avg_fps"": 29.97003, ""movement_mask_present"": false, ""npz_frames_min"": 11508, ""npz_status"": ""ok"", ""render_frames"": 300, ""uniform_draw"": 0.000927246, ""valid_frac_box"": 1.0, ""valid_frac_movement"": null, ""valid_frac_smplh"": 0.991397, ""video_nb_frames"": 11508}",render
item_249,targeted_100_249_V03_S2129_I00000018_P5786_f0010663,V03_S2129_I00000018_P5786,naturalistic/train/0180/0080/V03_S2129_I00000018_P5786,naturalistic/train/0180/0028/V03_S2129_I00000018_P3739,targeted_100,10663,V03,naturalistic,train,ipc_conversation,stratified_fill:V03|naturalistic|ipc_conversation,"{""avg_fps"": 29.97003, ""movement_mask_present"": false, ""npz_frames_min"": 11088, ""npz_status"": ""ok"", ""render_frames"": 300, ""stratum"": ""V03|naturalistic|ipc_conversation"", ""targeted_role"": ""stratified_fill"", ""valid_frac_box"": 1.0, ""valid_frac_movement"": null, ""valid_frac_smplh"": 0.998016, ""video_nb_frames"": 11088}",render
item_270,targeted_100_270_V03_S1105_I00000481_P3671_f0003313,V03_S1105_I00000481_P3671,improvised/train/0065/0060/V03_S1105_I00000481_P3671,improvised/train/0065/0090/V03_S1105_I00000481_P1306,targeted_100,3313,V03,improvised,train,charades,stratified_fill:V03|improvised|charades,"{""avg_fps"": 29.97003, ""movement_mask_present"": false, ""npz_frames_min"": 4675, ""npz_status"": ""ok"", ""render_frames"": 300, ""stratum"": ""V03|improvised|charades"", ""targeted_role"": ""stratified_fill"", ""valid_frac_box"": 1.0, ""valid_frac_movement"": null, ""valid_frac_smplh"": 0.947594, ""video_nb_frames"": 4675}",render
item_102,uniform_200_102_V00_S1373_I00000680_P0241A_f0008190,V00_S1373_I00000680_P0241A,improvised/train/0031/0046/V00_S1373_I00000680_P0241A,improvised/train/0031/0058/V00_S1373_I00000680_P0388A,uniform_200,8190,V00,improvised,train,ipc_conversation,uniform random over renderable corpus rows,"{""avg_fps"": 30.0, ""movement_mask_present"": true, ""npz_frames_min"": 10080, ""npz_status"": ""ok"", ""render_frames"": 300, ""uniform_draw"": 0.000650926, ""valid_frac_box"": 1.0, ""valid_frac_movement"": 1.0, ""valid_frac_smplh"": 1.0, ""video_nb_frames"": 10080}",render
item_044,uniform_200_044_V03_S0884_I00000130_P3079_f0001655,V03_S0884_I00000130_P3079,naturalistic/train/0128/0028/V03_S0884_I00000130_P3079,naturalistic/train/0128/0095/V03_S0884_I00000130_P3078,uniform_200,1655,V03,naturalistic,train,ipc_conversation,uniform random over renderable corpus rows,"{""avg_fps"": 29.97003, ""movement_mask_present"": false, ""npz_frames_min"": 6414, ""npz_status"": ""ok"", ""render_frames"": 300, ""uniform_draw"": 0.000224733, ""valid_frac_box"": 1.0, ""valid_frac_movement"": null, ""valid_frac_smplh"": 0.856876, ""video_nb_frames"": 6414}",render
item_006,uniform_200_006_V00_S0581_I00000135_P0732_f0001614,V00_S0581_I00000135_P0732,naturalistic/train/0016/0037/V00_S0581_I00000135_P0732,naturalistic/train/0016/0001/V00_S0581_I00000135_P0731,uniform_200,1614,V00,naturalistic,train,collaborative_storytelling,uniform random over renderable corpus rows,"{""avg_fps"": 30.0, ""movement_mask_present"": true, ""npz_frames_min"": 3540, ""npz_status"": ""ok"", ""render_frames"": 300, ""uniform_draw"": 2.2672e-05, ""valid_frac_box"": 1.0, ""valid_frac_movement"": 1.0, ""valid_frac_smplh"": 1.0, ""video_nb_frames"": 3540}",render
item_097,uniform_200_097_V02_S3557_I00000339_P4192_f0003900,V02_S3557_I00000339_P4192,naturalistic/train/0075/0010/V02_S3557_I00000339_P4192,naturalistic/train/0075/0047/V02_S3557_I00000339_P4152,uniform_200,3900,V02,naturalistic,train,ipc_conversation,uniform random over renderable corpus rows,"{""avg_fps"": 30.0, ""movement_mask_present"": false, ""npz_frames_min"": 5700, ""npz_status"": ""ok"", ""render_frames"": 300, ""uniform_draw"": 0.000593696, ""valid_frac_box"": 1.0, ""valid_frac_movement"": null, ""valid_frac_smplh"": 1.0, ""video_nb_frames"": 5700}",render
item_170,uniform_200_170_V02_S3075_I00000373_P4062_f0005254,V02_S3075_I00000373_P4062,naturalistic/train/0046/0049/V02_S3075_I00000373_P4062,naturalistic/train/0046/0004/V02_S3075_I00000373_P4047,uniform_200,5254,V02,naturalistic,train,ipc_conversation,uniform random over renderable corpus rows,"{""avg_fps"": 30.0, ""movement_mask_present"": false, ""npz_frames_min"": 5820, ""npz_status"": ""ok"", ""render_frames"": 300, ""uniform_draw"": 0.001182901, ""valid_frac_box"": 1.0, ""valid_frac_movement"": null, ""valid_frac_smplh"": 0.96701, ""video_nb_frames"": 5820}",render
item_261,targeted_100_261_V01_S1708_I00000708_P1963_f0004475,V01_S1708_I00000708_P1963,improvised/train/0059/0046/V01_S1708_I00000708_P1963,improvised/train/0059/0047/V01_S1708_I00000708_P2654,targeted_100,4475,V01,improvised,train,ipc_conversation,stratified_fill:V01|improvised|ipc_conversation,"{""avg_fps"": 29.980013, ""movement_mask_present"": false, ""npz_frames_min"": 6416, ""npz_status"": ""ok"", ""render_frames"": 300, ""stratum"": ""V01|improvised|ipc_conversation"", ""targeted_role"": ""stratified_fill"", ""valid_frac_box"": 1.0, ""valid_frac_movement"": null, ""valid_frac_smplh"": 0.979738, ""video_nb_frames"": 6416}",render
item_047,uniform_200_047_V00_S0701_I00000482_P0856_f0004186,V00_S0701_I00000482_P0856,naturalistic/train/0020/0023/V00_S0701_I00000482_P0856,naturalistic/train/0020/0042/V00_S0701_I00000482_P0857,uniform_200,4186,V00,naturalistic,train,ipc_conversation,uniform random over renderable corpus rows,"{""avg_fps"": 30.0, ""movement_mask_present"": true, ""npz_frames_min"": 6360, ""npz_status"": ""ok"", ""render_frames"": 300, ""uniform_draw"": 0.00024291, ""valid_frac_box"": 1.0, ""valid_frac_movement"": 1.0, ""valid_frac_smplh"": 1.0, ""video_nb_frames"": 6360}",render
item_009,uniform_200_009_V02_S5242_I00000090_P5158_f0002306,V02_S5242_I00000090_P5158,naturalistic/train/0096/0000/V02_S5242_I00000090_P5158,naturalistic/train/0096/0032/V02_S5242_I00000090_P5121,uniform_200,2306,V02,naturalistic,train,ipc_conversation,uniform random over renderable corpus rows,"{""avg_fps"": 30.0, ""movement_mask_present"": false, ""npz_frames_min"": 5040, ""npz_status"": ""ok"", ""render_frames"": 300, ""uniform_draw"": 4.0587e-05, ""valid_frac_box"": 1.0, ""valid_frac_movement"": null, ""valid_frac_smplh"": 0.991468, ""video_nb_frames"": 5040}",render
item_019,uniform_200_019_V02_S3224_I00000481_P4121_f0007772,V02_S3224_I00000481_P4121,naturalistic/train/0055/0021/V02_S3224_I00000481_P4121,naturalistic/train/0055/0017/V02_S3224_I00000481_P4118,uniform_200,7772,V02,naturalistic,train,charades,uniform random over renderable corpus rows,"{""avg_fps"": 30.0, ""movement_mask_present"": false, ""npz_frames_min"": 9840, ""npz_status"": ""ok"", ""render_frames"": 300, ""uniform_draw"": 9.1595e-05, ""valid_frac_box"": 1.0, ""valid_frac_movement"": null, ""valid_frac_smplh"": 0.960772, ""video_nb_frames"": 9840}",render
item_130,uniform_200_130_V03_S1997_I00000218_P5448_f0002089,V03_S1997_I00000218_P5448,naturalistic/train/0175/0030/V03_S1997_I00000218_P5448,naturalistic/train/0175/0092/V03_S1997_I00000218_P5303,uniform_200,2089,V03,naturalistic,train,ipc_conversation,uniform random over renderable corpus rows,"{""avg_fps"": 29.97003, ""movement_mask_present"": false, ""npz_frames_min"": 4076, ""npz_status"": ""ok"", ""render_frames"": 300, ""uniform_draw"": 0.00084217, ""valid_frac_box"": 1.0, ""valid_frac_movement"": null, ""valid_frac_smplh"": 0.997547, ""video_nb_frames"": 4075}",render
item_043,uniform_200_043_V03_S0115_I00000135_P1255_f0001828,V03_S0115_I00000135_P1255,naturalistic/train/0106/0064/V03_S0115_I00000135_P1255,naturalistic/train/0106/0067/V03_S0115_I00000135_P1254,uniform_200,1828,V03,naturalistic,train,collaborative_storytelling,uniform random over renderable corpus rows,"{""avg_fps"": 29.97003, ""movement_mask_present"": false, ""npz_frames_min"": 5515, ""npz_status"": ""ok"", ""render_frames"": 300, ""uniform_draw"": 0.000221747, ""valid_frac_box"": 1.0, ""valid_frac_movement"": null, ""valid_frac_smplh"": 0.732548, ""video_nb_frames"": 5515}",render
item_186,uniform_200_186_V02_S5135_I00000180_P5056_f0004105,V02_S5135_I00000180_P5056,naturalistic/train/0089/0028/V02_S5135_I00000180_P5056,naturalistic/train/0089/0002/V02_S5135_I00000180_P5172,uniform_200,4105,V02,naturalistic,train,ipc_conversation,uniform random over renderable corpus rows,"{""avg_fps"": 30.0, ""movement_mask_present"": false, ""npz_frames_min"": 5280, ""npz_status"": ""ok"", ""render_frames"": 300, ""uniform_draw"": 0.001313622, ""valid_frac_box"": 1.0, ""valid_frac_movement"": null, ""valid_frac_smplh"": 0.993561, ""video_nb_frames"": 5280}",render
item_266,targeted_100_266_V02_S5008_I00000481_P5014_f0000497,V02_S5008_I00000481_P5014,naturalistic/train/0081/0014/V02_S5008_I00000481_P5014,naturalistic/train/0081/0011/V02_S5008_I00000481_P5010,targeted_100,497,V02,naturalistic,train,charades,stratified_fill:V02|naturalistic|charades,"{""avg_fps"": 30.0, ""movement_mask_present"": false, ""npz_frames_min"": 3720, ""npz_status"": ""ok"", ""render_frames"": 300, ""stratum"": ""V02|naturalistic|charades"", ""targeted_role"": ""stratified_fill"", ""valid_frac_box"": 1.0, ""valid_frac_movement"": null, ""valid_frac_smplh"": 0.976882, ""video_nb_frames"": 3720}",render
item_049,uniform_200_049_V00_S0397_I00000484_P0090_f0003957,V00_S0397_I00000484_P0090,naturalistic/train/0010/0037/V00_S0397_I00000484_P0090,naturalistic/train/0010/0023/V00_S0397_I00000484_P0531,uniform_200,3957,V00,naturalistic,train,ipc_conversation,uniform random over renderable corpus rows,"{""avg_fps"": 30.0, ""movement_mask_present"": true, ""npz_frames_min"": 4440, ""npz_status"": ""ok"", ""render_frames"": 300, ""uniform_draw"": 0.000262065, ""valid_frac_box"": 1.0, ""valid_frac_movement"": 0.837838, ""valid_frac_smplh"": 1.0, ""video_nb_frames"": 4440}",render
item_178,uniform_200_178_V02_S3264_I00000478_P4129_f0005277,V02_S3264_I00000478_P4129,naturalistic/train/0057/0042/V02_S3264_I00000478_P4129,naturalistic/train/0057/0039/V02_S3264_I00000478_P4130,uniform_200,5277,V02,naturalistic,train,ipc_conversation,uniform random over renderable corpus rows,"{""avg_fps"": 30.0, ""movement_mask_present"": false, ""npz_frames_min"": 5880, ""npz_status"": ""ok"", ""render_frames"": 300, ""uniform_draw"": 0.001276505, ""valid_frac_box"": 1.0, ""valid_frac_movement"": null, ""valid_frac_smplh"": 0.901701, ""video_nb_frames"": 5880}",render
item_180,uniform_200_180_V03_S0780_I00000140_P2713_f0005690,V03_S0780_I00000140_P2713,improvised/train/0065/0071/V03_S0780_I00000140_P2713,improvised/train/0065/0156/V03_S0780_I00000140_P2024,uniform_200,5690,V03,improvised,train,ipc_conversation,uniform random over renderable corpus rows,"{""avg_fps"": 29.97003, ""movement_mask_present"": false, ""npz_frames_min"": 6354, ""npz_status"": ""ok"", ""render_frames"": 300, ""uniform_draw"": 0.001288754, ""valid_frac_box"": 1.0, ""valid_frac_movement"": null, ""valid_frac_smplh"": 0.894555, ""video_nb_frames"": 6354}",render
item_167,uniform_200_167_V02_S5006_I00000767_P5011_f0006964,V02_S5006_I00000767_P5011,naturalistic/train/0081/0041/V02_S5006_I00000767_P5011,naturalistic/train/0081/0005/V02_S5006_I00000767_P5012,uniform_200,6964,V02,naturalistic,train,grounded_gesture,uniform random over renderable corpus rows,"{""avg_fps"": 30.0, ""movement_mask_present"": false, ""npz_frames_min"": 8760, ""npz_status"": ""ok"", ""render_frames"": 300, ""uniform_draw"": 0.001175697, ""valid_frac_box"": 1.0, ""valid_frac_movement"": null, ""valid_frac_smplh"": 0.92363, ""video_nb_frames"": 8760}",render
item_269,targeted_100_269_V02_S5300_I00000055_P5230_f0004720,V02_S5300_I00000055_P5230,naturalistic/train/0100/0022/V02_S5300_I00000055_P5230,naturalistic/train/0100/0041/V02_S5300_I00000055_P5280,targeted_100,4720,V02,naturalistic,train,ipc_conversation,stratified_fill:V02|naturalistic|ipc_conversation,"{""avg_fps"": 30.0, ""movement_mask_present"": false, ""npz_frames_min"": 5100, ""npz_status"": ""ok"", ""render_frames"": 300, ""stratum"": ""V02|naturalistic|ipc_conversation"", ""targeted_role"": ""stratified_fill"", ""valid_frac_box"": 1.0, ""valid_frac_movement"": null, ""valid_frac_smplh"": 0.966275, ""video_nb_frames"": 5100}",render
item_247,targeted_100_247_V03_S1177_I00000329_P3751_f0004102,V03_S1177_I00000329_P3751,naturalistic/train/0139/0074/V03_S1177_I00000329_P3751,naturalistic/train/0139/0092/V03_S1177_I00000329_P3750,targeted_100,4102,V03,naturalistic,train,collaborative_storytelling,stratified_fill:V03|naturalistic|collaborative_storytelling,"{""avg_fps"": 29.97003, ""movement_mask_present"": false, ""npz_frames_min"": 7733, ""npz_status"": ""ok"", ""render_frames"": 300, ""stratum"": ""V03|naturalistic|collaborative_storytelling"", ""targeted_role"": ""stratified_fill"", ""valid_frac_box"": 1.0, ""valid_frac_movement"": null, ""valid_frac_smplh"": 0.983448, ""video_nb_frames"": 7733}",render
item_084,uniform_200_084_V03_S1359_I00000063_P4147_f0013266,V03_S1359_I00000063_P4147,naturalistic/train/0147/0065/V03_S1359_I00000063_P4147,naturalistic/train/0147/0086/V03_S1359_I00000063_P4146,uniform_200,13266,V03,naturalistic,train,ipc_conversation,uniform random over renderable corpus rows,"{""avg_fps"": 29.968114, ""movement_mask_present"": false, ""npz_frames_min"": 15645, ""npz_status"": ""ok"", ""render_frames"": 300, ""uniform_draw"": 0.000477873, ""valid_frac_box"": 1.0, ""valid_frac_movement"": null, ""valid_frac_smplh"": 0.717226, ""video_nb_frames"": 15644}",render
item_184,uniform_200_184_V00_S0482_I00000481_P0229A_f0000722,V00_S0482_I00000481_P0229A,improvised/train/0010/0019/V00_S0482_I00000481_P0229A,improvised/train/0010/0013/V00_S0482_I00000481_P0618,uniform_200,722,V00,improvised,train,charades,uniform random over renderable corpus rows,"{""avg_fps"": 30.0, ""movement_mask_present"": true, ""npz_frames_min"": 4320, ""npz_status"": ""ok"", ""render_frames"": 300, ""uniform_draw"": 0.001298137, ""valid_frac_box"": 1.0, ""valid_frac_movement"": 0.875, ""valid_frac_smplh"": 0.994907, ""video_nb_frames"": 4320}",render
item_156,uniform_200_156_V03_S1635_I00000196_P4680_f0001345,V03_S1635_I00000196_P4680,naturalistic/train/0160/0050/V03_S1635_I00000196_P4680,naturalistic/train/0160/0073/V03_S1635_I00000196_P4396,uniform_200,1345,V03,naturalistic,train,ipc_conversation,uniform random over renderable corpus rows,"{""avg_fps"": 29.97003, ""movement_mask_present"": false, ""npz_frames_min"": 8692, ""npz_status"": ""ok"", ""render_frames"": 300, ""uniform_draw"": 0.001068862, ""valid_frac_box"": 1.0, ""valid_frac_movement"": null, ""valid_frac_smplh"": 0.973884, ""video_nb_frames"": 8692}",render
item_140,uniform_200_140_V00_S0192_I00000126_P0264_f0000672,V00_S0192_I00000126_P0264,improvised/train/0004/0041/V00_S0192_I00000126_P0264,improvised/train/0004/0028/V00_S0192_I00000126_P0003A,uniform_200,672,V00,improvised,train,ipc_conversation,uniform random over renderable corpus rows,"{""avg_fps"": 30.0, ""movement_mask_present"": true, ""npz_frames_min"": 6480, ""npz_status"": ""ok"", ""render_frames"": 300, ""uniform_draw"": 0.000958926, ""valid_frac_box"": 1.0, ""valid_frac_movement"": 0.425926, ""valid_frac_smplh"": 1.0, ""video_nb_frames"": 6480}",render
item_255,targeted_100_255_V00_S0589_I00000135_P0742_f0001975,V00_S0589_I00000135_P0742,naturalistic/test/0000/0020/V00_S0589_I00000135_P0742,naturalistic/test/0000/0041/V00_S0589_I00000135_P0743,targeted_100,1975,V00,naturalistic,test,collaborative_storytelling,stratified_fill:V00|naturalistic|collaborative_storytelling,"{""avg_fps"": 30.0, ""movement_mask_present"": true, ""npz_frames_min"": 4140, ""npz_status"": ""ok"", ""render_frames"": 300, ""stratum"": ""V00|naturalistic|collaborative_storytelling"", ""targeted_role"": ""stratified_fill"", ""valid_frac_box"": 1.0, ""valid_frac_movement"": 1.0, ""valid_frac_smplh"": 1.0, ""video_nb_frames"": 4140}",render
item_198,uniform_200_198_V02_S3164_I00000501_P4092_f0004315,V02_S3164_I00000501_P4092,naturalistic/train/0051/0023/V02_S3164_I00000501_P4092,naturalistic/train/0051/0042/V02_S3164_I00000501_P4085,uniform_200,4315,V02,naturalistic,train,ipc_conversation,uniform random over renderable corpus rows,"{""avg_fps"": 30.0, ""movement_mask_present"": false, ""npz_frames_min"": 6300, ""npz_status"": ""ok"", ""render_frames"": 300, ""uniform_draw"": 0.001384195, ""valid_frac_box"": 1.0, ""valid_frac_movement"": null, ""valid_frac_smplh"": 0.993333, ""video_nb_frames"": 6300}",render
item_066,uniform_200_066_V03_S0102_I00000372_P1143_f0001179,V03_S0102_I00000372_P1143,naturalistic/train/0105/0121/V03_S0102_I00000372_P1143,naturalistic/train/0105/0070/V03_S0102_I00000372_P1125,uniform_200,1179,V03,naturalistic,train,ipc_conversation,uniform random over renderable corpus rows,"{""avg_fps"": 29.97003, ""movement_mask_present"": false, ""npz_frames_min"": 5874, ""npz_status"": ""ok"", ""render_frames"": 300, ""uniform_draw"": 0.000374493, ""valid_frac_box"": 1.0, ""valid_frac_movement"": null, ""valid_frac_smplh"": 0.99983, ""video_nb_frames"": 5874}",render
item_063,uniform_200_063_V00_S0774_I00000535_P0120_f0011256,V00_S0774_I00000535_P0120,improvised/train/0015/0045/V00_S0774_I00000535_P0120,improvised/train/0015/0049/V00_S0774_I00000535_P0359A,uniform_200,11256,V00,improvised,train,ipc_conversation,uniform random over renderable corpus rows,"{""avg_fps"": 30.0, ""movement_mask_present"": true, ""npz_frames_min"": 14760, ""npz_status"": ""ok"", ""render_frames"": 300, ""uniform_draw"": 0.000351483, ""valid_frac_box"": 1.0, ""valid_frac_movement"": 0.707317, ""valid_frac_smplh"": 0.994715, ""video_nb_frames"": 14760}",render
item_221,targeted_100_221_V03_S0350_I00000070_P1675_f0004396,V03_S0350_I00000070_P1675,naturalistic/train/0116/0020/V03_S0350_I00000070_P1675,naturalistic/train/0116/0125/V03_S0350_I00000070_P1674,targeted_100,4396,V03,naturalistic,train,collaborative_storytelling,extreme:rarest_raster_640x480,"{""avg_fps"": 30.0, ""corpus_files_with_this_raster"": 61, ""movement_mask_present"": false, ""npz_frames_min"": 5400, ""npz_status"": ""ok"", ""render_frames"": 300, ""targeted_role"": ""extreme"", ""valid_frac_box"": 0.995926, ""valid_frac_movement"": null, ""valid_frac_smplh"": 0.978519, ""video_height"": 480, ""video_nb_frames"": 5400, ""video_width"": 640}",render
item_141,uniform_200_141_V03_S1323_I00000165_P3265_f0000888,V03_S1323_I00000165_P3265,naturalistic/train/0145/0027/V03_S1323_I00000165_P3265,naturalistic/train/0145/0012/V03_S1323_I00000165_P1425,uniform_200,888,V03,naturalistic,train,ipc_conversation,uniform random over renderable corpus rows,"{""avg_fps"": 29.97003, ""movement_mask_present"": false, ""npz_frames_min"": 7553, ""npz_status"": ""ok"", ""render_frames"": 300, ""uniform_draw"": 0.000977101, ""valid_frac_box"": 1.0, ""valid_frac_movement"": null, ""valid_frac_smplh"": 0.973785, ""video_nb_frames"": 7553}",render
item_134,uniform_200_134_V00_S0249_I00000489_P0341_f0003834,V00_S0249_I00000489_P0341,naturalistic/train/0006/0004/V00_S0249_I00000489_P0341,naturalistic/train/0006/0019/V00_S0249_I00000489_P0340,uniform_200,3834,V00,naturalistic,train,ipc_conversation,uniform random over renderable corpus rows,"{""avg_fps"": 30.0, ""movement_mask_present"": true, ""npz_frames_min"": 11340, ""npz_status"": ""ok"", ""render_frames"": 300, ""uniform_draw"": 0.000891657, ""valid_frac_box"": 1.0, ""valid_frac_movement"": 0.994709, ""valid_frac_smplh"": 1.0, ""video_nb_frames"": 11340}",render
item_003,uniform_200_003_V00_S2010_I00001218_P1263A_f0003095,V00_S2010_I00001218_P1263A,improvised/train/0048/0013/V00_S2010_I00001218_P1263A,improvised/train/0048/0035/V00_S2010_I00001218_P1265A,uniform_200,3095,V00,improvised,train,ipc_conversation,uniform random over renderable corpus rows,"{""avg_fps"": 30.0, ""movement_mask_present"": true, ""npz_frames_min"": 7980, ""npz_status"": ""ok"", ""render_frames"": 300, ""uniform_draw"": 7.761e-06, ""valid_frac_box"": 1.0, ""valid_frac_movement"": 0.962406, ""valid_frac_smplh"": 1.0, ""video_nb_frames"": 7980}",render
item_054,uniform_200_054_V03_S1102_I00000077_P3585_f0002432,V03_S1102_I00000077_P3585,naturalistic/train/0136/0044/V03_S1102_I00000077_P3585,naturalistic/train/0136/0078/V03_S1102_I00000077_P3080,uniform_200,2432,V03,naturalistic,train,ipc_conversation,uniform random over renderable corpus rows,"{""avg_fps"": 29.97003, ""movement_mask_present"": false, ""npz_frames_min"": 3357, ""npz_status"": ""ok"", ""render_frames"": 300, ""uniform_draw"": 0.000303207, ""valid_frac_box"": 1.0, ""valid_frac_movement"": null, ""valid_frac_smplh"": 0.982723, ""video_nb_frames"": 3356}",render
item_274,targeted_100_274_V03_S0122_I00000376_P1268_f0001635,V03_S0122_I00000376_P1268,naturalistic/train/0106/0090/V03_S0122_I00000376_P1268,naturalistic/train/0106/0021/V03_S0122_I00000376_P1195,targeted_100,1635,V03,naturalistic,train,charades,stratified_fill:V03|naturalistic|charades,"{""avg_fps"": 29.97003, ""movement_mask_present"": false, ""npz_frames_min"": 5994, ""npz_status"": ""ok"", ""render_frames"": 300, ""stratum"": ""V03|naturalistic|charades"", ""targeted_role"": ""stratified_fill"", ""valid_frac_box"": 1.0, ""valid_frac_movement"": null, ""valid_frac_smplh"": 0.915916, ""video_nb_frames"": 5994}",render
item_208,targeted_100_208_V00_S2089_I00001163_P1281A_f0000000,V00_S2089_I00001163_P1281A,improvised/dev/0000/0014/V00_S2089_I00001163_P1281A,improvised/dev/0000/0037/V00_S2089_I00001163_P1346A,targeted_100,0,V00,improvised,dev,ipc_conversation,extreme:session1_dev_longest_movement_invalid_run,"{""avg_fps"": 30.0, ""mask"": ""movement"", ""movement_mask_present"": true, ""npz_frames_min"": 6780, ""npz_status"": ""ok"", ""render_frames"": 300, ""run_length_frames"": 6780, ""run_start_frame"": 0, ""targeted_role"": ""extreme"", ""valid_frac_box"": 1.0, ""valid_frac_movement"": 0.0, ""valid_frac_smplh"": 1.0, ""video_nb_frames"": 6780}",render
item_207,targeted_100_207_V03_S0871_I00000117_P2966_f0000000,V03_S0871_I00000117_P2966,naturalistic/dev/0002/0016/V03_S0871_I00000117_P2966,naturalistic/dev/0002/0078/V03_S0871_I00000117_P2967,targeted_100,0,V03,naturalistic,dev,grounded_gesture,extreme:session1_dev_longest_smplh_invalid_run,"{""avg_fps"": 29.966719, ""mask"": ""smplh"", ""movement_mask_present"": false, ""npz_frames_min"": 9051, ""npz_status"": ""ok"", ""render_frames"": 300, ""run_length_frames"": 3740, ""run_start_frame"": 0, ""targeted_role"": ""extreme"", ""valid_frac_box"": 1.0, ""valid_frac_movement"": null, ""valid_frac_smplh"": 0.227599, ""video_nb_frames"": 9050}",render
item_143,uniform_200_143_V00_S1253_I00001077_P0955A_f0003649,V00_S1253_I00001077_P0955A,improvised/train/0028/0044/V00_S1253_I00001077_P0955A,improvised/train/0028/0042/V00_S1253_I00001077_P1100A,uniform_200,3649,V00,improvised,train,ipc_conversation,uniform random over renderable corpus rows,"{""avg_fps"": 30.0, ""movement_mask_present"": true, ""npz_frames_min"": 11220, ""npz_status"": ""ok"", ""render_frames"": 300, ""uniform_draw"": 0.00099155, ""valid_frac_box"": 1.0, ""valid_frac_movement"": 1.0, ""valid_frac_smplh"": 0.97041, ""video_nb_frames"": 11220}",render
item_159,uniform_200_159_V03_S1413_I00000218_P4092_f0001121,V03_S1413_I00000218_P4092,naturalistic/train/0149/0000/V03_S1413_I00000218_P4092,naturalistic/train/0149/0023/V03_S1413_I00000218_P4093,uniform_200,1121,V03,naturalistic,train,ipc_conversation,uniform random over renderable corpus rows,"{""avg_fps"": 29.97003, ""movement_mask_present"": false, ""npz_frames_min"": 3836, ""npz_status"": ""ok"", ""render_frames"": 300, ""uniform_draw"": 0.001105959, ""valid_frac_box"": 1.0, ""valid_frac_movement"": null, ""valid_frac_smplh"": 0.96585, ""video_nb_frames"": 3836}",render
item_293,targeted_100_293_V01_S1255_I00000131_P1472_f0000777,V01_S1255_I00000131_P1472,naturalistic/train/0040/0032/V01_S1255_I00000131_P1472,naturalistic/train/0040/0023/V01_S1255_I00000131_P1518,targeted_100,777,V01,naturalistic,train,ipc_conversation,stratified_fill:V01|naturalistic|ipc_conversation,"{""avg_fps"": 29.97003, ""movement_mask_present"": false, ""npz_frames_min"": 1559, ""npz_status"": ""ok"", ""render_frames"": 300, ""stratum"": ""V01|naturalistic|ipc_conversation"", ""targeted_role"": ""stratified_fill"", ""valid_frac_box"": 1.0, ""valid_frac_movement"": null, ""valid_frac_smplh"": 0.975625, ""video_nb_frames"": 1558}",render
