review_item_id,clip_id,file_id,source_relbase,partner_source_relbase,sample_group,cohort,label_stratum,start_frame,vendor,label,split,activity_type,selection_reason,signals_json,render_policy
r4_202,fresh_flagged_fm1_sitting_202_V00_S1045_I00000003_P1067_f0002495,V00_S1045_I00000003_P1067,naturalistic/dev/0001/0024/V00_S1045_I00000003_P1067,naturalistic/dev/0001/0008/V00_S1045_I00000003_P1066,fresh_flagged_fm1_sitting,fresh,naturalistic,2495,V00,naturalistic,dev,ipc_conversation,fm1_sitting: only this mode fired; participant not in the recheck cohort,"{""clip_anchored_on_fm2_violation"": false, ""flag_count"": 1, ""flags_fired"": ""fm1_sitting"", ""fm1_hip_flexion_deg_p50"": 80.69741261314286, ""fm1_knee_between_torso_p50"": 0.049294634546808755, ""fm1_leg_over_torso_p50"": 1.4628298581203665, ""fm1_reasons"": ""knee_between"", ""fm1_shin_verticality_p50"": 0.9998039427642691, ""fm1_sitting_file"": true, ""fm1_sitting_participant"": true, ""fm1_unit"": ""1067@1045"", ""fm1_unit_basis"": ""majority"", ""fm2_in_frame_and_valid_frac"": 1.0, ""fm2_pass_frac_round3_joints_only"": 1.0, ""fm2_smplh_valid_frac"": 1.0, ""fm2_surface_correction_px_p50"": 17.08449574089275, ""fm2_vertex_worst_inset_min_px"": 148.0210613812153, ""fm2_violation_run_max_frames"": 0.0, ""fm2_violation_runs"": 0.0, ""fm2_windowed_pass_frac"": 1.0, ""fm3_static_frac"": 0.43822222222222224, ""observed_duration_s"": 150.0, ""reproj_px_p50"": 22.14052252378676, ""reproj_shoulder_widths_p50"": 0.07130174392102398, ""unit_files"": 5.0, ""unit_flagged_frac"": 1.0, ""unit_hip_flexion_min"": 76.03713077878876, ""unit_knee_between_min"": -0.04069986506662773}",render
r4_203,fresh_flagged_fm1_sitting_203_V00_S0446_I00000309_P0585_f0002280,V00_S0446_I00000309_P0585,naturalistic/train/0012/0003/V00_S0446_I00000309_P0585,naturalistic/train/0012/0006/V00_S0446_I00000309_P0489,fresh_flagged_fm1_sitting,fresh,naturalistic,2280,V00,naturalistic,train,ipc_conversation,fm1_sitting: only this mode fired; participant not in the recheck cohort,"{""clip_anchored_on_fm2_violation"": false, ""flag_count"": 1, ""flags_fired"": ""fm1_sitting"", ""fm1_hip_flexion_deg_p50"": 112.79310602211318, ""fm1_knee_between_torso_p50"": 0.37218273542499797, ""fm1_leg_over_torso_p50"": 1.4813434238922287, ""fm1_reasons"": ""knee_between"", ""fm1_shin_verticality_p50"": 0.9952746589409767, ""fm1_sitting_file"": true, ""fm1_sitting_participant"": true, ""fm1_unit"": ""0585@0446"", ""fm1_unit_basis"": ""majority"", ""fm2_in_frame_and_valid_frac"": 0.9940104166666667, ""fm2_pass_frac_round3_joints_only"": 0.996875, ""fm2_smplh_valid_frac"": 1.0, ""fm2_surface_correction_px_p50"": 38.786648418808454, ""fm2_vertex_worst_inset_min_px"": -32.939867303408846, ""fm2_violation_run_max_frames"": 14.0, ""fm2_violation_runs"": 3.0, ""fm2_windowed_pass_frac"": 0.75, ""fm3_static_frac"": 0.29375, ""observed_duration_s"": 128.0, ""reproj_px_p50"": 29.509235152865916, ""reproj_shoulder_widths_p50"": 0.08532759134653271, ""unit_files"": 3.0, ""unit_flagged_frac"": 1.0, ""unit_hip_flexion_min"": 112.68495290998429, ""unit_knee_between_min"": 0.3692891419670379}",render
r4_204,fresh_flagged_fm1_sitting_204_V00_S0337_I00000480_P0457_f0000447,V00_S0337_I00000480_P0457,naturalistic/train/0008/0022/V00_S0337_I00000480_P0457,naturalistic/train/0008/0032/V00_S0337_I00000480_P0453,fresh_flagged_fm1_sitting,fresh,naturalistic,447,V00,naturalistic,train,ipc_conversation,fm1_sitting: only this mode fired; participant not in the recheck cohort,"{""clip_anchored_on_fm2_violation"": false, ""flag_count"": 1, ""flags_fired"": ""fm1_sitting"", ""fm1_hip_flexion_deg_p50"": 132.08727859883717, ""fm1_knee_between_torso_p50"": 0.4880002844123007, ""fm1_leg_over_torso_p50"": 1.2370417143842647, ""fm1_reasons"": """", ""fm1_shin_verticality_p50"": 0.9995411819744375, ""fm1_sitting_file"": false, ""fm1_sitting_participant"": true, ""fm1_unit"": ""0457@0337"", ""fm1_unit_basis"": ""majority"", ""fm2_in_frame_and_valid_frac"": 1.0, ""fm2_pass_frac_round3_joints_only"": 1.0, ""fm2_smplh_valid_frac"": 1.0, ""fm2_surface_correction_px_p50"": 48.42878245678395, ""fm2_vertex_worst_inset_min_px"": 67.1920661834402, ""fm2_violation_run_max_frames"": 0.0, ""fm2_violation_runs"": 0.0, ""fm2_windowed_pass_frac"": 1.0, ""fm3_static_frac"": 0.5933691756272401, ""observed_duration_s"": 186.0, ""reproj_px_p50"": 13.915624666746945, ""reproj_shoulder_widths_p50"": 0.03848153607353673, ""unit_files"": 2.0, ""unit_flagged_frac"": 0.5, ""unit_hip_flexion_min"": 110.88101134857232, ""unit_knee_between_min"": 0.3757119509624718}",render
r4_205,fresh_flagged_fm1_sitting_205_V00_S0691_I00000479_P0840_f0004798,V00_S0691_I00000479_P0840,naturalistic/dev/0000/0033/V00_S0691_I00000479_P0840,naturalistic/dev/0000/0027/V00_S0691_I00000479_P0500,fresh_flagged_fm1_sitting,fresh,naturalistic,4798,V00,naturalistic,dev,ipc_conversation,fm1_sitting: only this mode fired; participant not in the recheck cohort,"{""clip_anchored_on_fm2_violation"": false, ""flag_count"": 1, ""flags_fired"": ""fm1_sitting"", ""fm1_hip_flexion_deg_p50"": 115.36694837217041, ""fm1_knee_between_torso_p50"": 0.40234917022086325, ""fm1_leg_over_torso_p50"": 1.2579081993305363, ""fm1_reasons"": ""knee_between"", ""fm1_shin_verticality_p50"": 0.9977851437602314, ""fm1_sitting_file"": true, ""fm1_sitting_participant"": true, ""fm1_unit"": ""0840@0691"", ""fm1_unit_basis"": ""majority"", ""fm2_in_frame_and_valid_frac"": 0.9816161616161616, ""fm2_pass_frac_round3_joints_only"": 0.9871717171717171, ""fm2_smplh_valid_frac"": 1.0, ""fm2_surface_correction_px_p50"": 43.95881969522975, ""fm2_vertex_worst_inset_min_px"": -52.083108431547885, ""fm2_violation_run_max_frames"": 37.0, ""fm2_violation_runs"": 31.0, ""fm2_windowed_pass_frac"": 0.5454545454545454, ""fm3_static_frac"": 0.6464646464646465, ""observed_duration_s"": 330.0, ""reproj_px_p50"": 17.145548611575165, ""reproj_shoulder_widths_p50"": 0.04906738256387971, ""unit_files"": 3.0, ""unit_flagged_frac"": 1.0, ""unit_hip_flexion_min"": 111.47419657926713, ""unit_knee_between_min"": 0.37874031683152487}",render
r4_206,fresh_flagged_fm1_sitting_206_V00_S0446_I00000126_P0585_f0002238,V00_S0446_I00000126_P0585,naturalistic/train/0012/0024/V00_S0446_I00000126_P0585,naturalistic/train/0012/0022/V00_S0446_I00000126_P0489,fresh_flagged_fm1_sitting,fresh,naturalistic,2238,V00,naturalistic,train,ipc_conversation,fm1_sitting: only this mode fired; participant not in the recheck cohort,"{""clip_anchored_on_fm2_violation"": false, ""flag_count"": 1, ""flags_fired"": ""fm1_sitting"", ""fm1_hip_flexion_deg_p50"": 117.90857165210669, ""fm1_knee_between_torso_p50"": 0.407664073023642, ""fm1_leg_over_torso_p50"": 1.453698326798625, ""fm1_reasons"": ""knee_between"", ""fm1_shin_verticality_p50"": 0.9970544747501033, ""fm1_sitting_file"": true, ""fm1_sitting_participant"": true, ""fm1_unit"": ""0585@0446"", ""fm1_unit_basis"": ""majority"", ""fm2_in_frame_and_valid_frac"": 0.9992354740061162, ""fm2_pass_frac_round3_joints_only"": 1.0, ""fm2_smplh_valid_frac"": 1.0, ""fm2_surface_correction_px_p50"": 38.98221376784818, ""fm2_vertex_worst_inset_min_px"": 14.59108041176762, ""fm2_violation_run_max_frames"": 3.0, ""fm2_violation_runs"": 2.0, ""fm2_windowed_pass_frac"": 1.0, ""fm3_static_frac"": 0.11697247706422019, ""observed_duration_s"": 218.0, ""reproj_px_p50"": 30.97609015230028, ""reproj_shoulder_widths_p50"": 0.09038269121281611, ""unit_files"": 3.0, ""unit_flagged_frac"": 1.0, ""unit_hip_flexion_min"": 112.68495290998429, ""unit_knee_between_min"": 0.3692891419670379}",render
r4_207,fresh_flagged_fm1_sitting_207_V00_S1060_I00000334_P1072_f0006730,V00_S1060_I00000334_P1072,naturalistic/train/0025/0028/V00_S1060_I00000334_P1072,naturalistic/train/0025/0035/V00_S1060_I00000334_P1071,fresh_flagged_fm1_sitting,fresh,naturalistic,6730,V00,naturalistic,train,ipc_conversation,fm1_sitting: only this mode fired; participant not in the recheck cohort,"{""clip_anchored_on_fm2_violation"": false, ""flag_count"": 1, ""flags_fired"": ""fm1_sitting"", ""fm1_hip_flexion_deg_p50"": 122.8511611986668, ""fm1_knee_between_torso_p50"": 0.4600201065959614, ""fm1_leg_over_torso_p50"": 1.129922039817667, ""fm1_reasons"": """", ""fm1_shin_verticality_p50"": 0.9994449088182185, ""fm1_sitting_file"": false, ""fm1_sitting_participant"": true, ""fm1_unit"": ""1072@1060"", ""fm1_unit_basis"": ""majority"", ""fm2_in_frame_and_valid_frac"": 0.9815920398009951, ""fm2_pass_frac_round3_joints_only"": 0.9953980099502487, ""fm2_smplh_valid_frac"": 1.0, ""fm2_surface_correction_px_p50"": 32.61560105009255, ""fm2_vertex_worst_inset_min_px"": -30.041192036161192, ""fm2_violation_run_max_frames"": 55.0, ""fm2_violation_runs"": 25.0, ""fm2_windowed_pass_frac"": 0.875, ""fm3_static_frac"": 0.15708955223880597, ""observed_duration_s"": 268.0, ""reproj_px_p50"": 31.639821657659947, ""reproj_shoulder_widths_p50"": 0.08600894621848895, ""unit_files"": 2.0, ""unit_flagged_frac"": 0.5, ""unit_hip_flexion_min"": 114.24258650122921, ""unit_knee_between_min"": 0.4284712922306218}",render
r4_208,fresh_flagged_fm1_sitting_208_V00_S1933_I00000001_P0805_f0000640,V00_S1933_I00000001_P0805,naturalistic/train/0031/0012/V00_S1933_I00000001_P0805,naturalistic/train/0031/0002/V00_S1933_I00000001_P1220,fresh_flagged_fm1_sitting,fresh,naturalistic,640,V00,naturalistic,train,ipc_conversation,fm1_sitting: only this mode fired; participant not in the recheck cohort,"{""clip_anchored_on_fm2_violation"": false, ""flag_count"": 1, ""flags_fired"": ""fm1_sitting"", ""fm1_hip_flexion_deg_p50"": 87.13515597925758, ""fm1_knee_between_torso_p50"": 0.1450738338235779, ""fm1_leg_over_torso_p50"": 1.6306931462279028, ""fm1_reasons"": ""knee_between"", ""fm1_shin_verticality_p50"": 0.9998000599800071, ""fm1_sitting_file"": true, ""fm1_sitting_participant"": true, ""fm1_unit"": ""0805@1933"", ""fm1_unit_basis"": ""majority"", ""fm2_in_frame_and_valid_frac"": 1.0, ""fm2_pass_frac_round3_joints_only"": 1.0, ""fm2_smplh_valid_frac"": 1.0, ""fm2_surface_correction_px_p50"": 27.563806839791425, ""fm2_vertex_worst_inset_min_px"": 232.03708934436685, ""fm2_violation_run_max_frames"": 0.0, ""fm2_violation_runs"": 0.0, ""fm2_windowed_pass_frac"": 1.0, ""fm3_static_frac"": 0.7443798449612403, ""observed_duration_s"": 172.0, ""reproj_px_p50"": 15.826865171069638, ""reproj_shoulder_widths_p50"": 0.052645927702890685, ""unit_files"": 2.0, ""unit_flagged_frac"": 1.0, ""unit_hip_flexion_min"": 87.13515597925758, ""unit_knee_between_min"": 0.1450738338235779}",render
r4_209,fresh_flagged_fm1_sitting_209_V00_S1925_I00000298_P1213_f0005379,V00_S1925_I00000298_P1213,naturalistic/train/0031/0018/V00_S1925_I00000298_P1213,naturalistic/train/0031/0019/V00_S1925_I00000298_P0070,fresh_flagged_fm1_sitting,fresh,naturalistic,5379,V00,naturalistic,train,ipc_conversation,fm1_sitting: only this mode fired; participant not in the recheck cohort,"{""clip_anchored_on_fm2_violation"": false, ""flag_count"": 1, ""flags_fired"": ""fm1_sitting"", ""fm1_hip_flexion_deg_p50"": 93.966961043624, ""fm1_knee_between_torso_p50"": 0.21178367912473428, ""fm1_leg_over_torso_p50"": 1.2327611955106563, ""fm1_reasons"": ""knee_between"", ""fm1_shin_verticality_p50"": 0.9997737349902374, ""fm1_sitting_file"": true, ""fm1_sitting_participant"": true, ""fm1_unit"": ""1213@1925"", ""fm1_unit_basis"": ""majority"", ""fm2_in_frame_and_valid_frac"": 0.9969618055555556, ""fm2_pass_frac_round3_joints_only"": 0.9979166666666667, ""fm2_smplh_valid_frac"": 1.0, ""fm2_surface_correction_px_p50"": 28.938863797077488, ""fm2_vertex_worst_inset_min_px"": -48.46962730540645, ""fm2_violation_run_max_frames"": 20.0, ""fm2_violation_runs"": 5.0, ""fm2_windowed_pass_frac"": 0.8333333333333334, ""fm3_static_frac"": 0.48420138888888886, ""observed_duration_s"": 384.0, ""reproj_px_p50"": 12.689804727568639, ""reproj_shoulder_widths_p50"": 0.03852602727025589, ""unit_files"": 4.0, ""unit_flagged_frac"": 1.0, ""unit_hip_flexion_min"": 93.334421815114, ""unit_knee_between_min"": 0.20551671627019924}",render
r4_210,fresh_flagged_fm1_sitting_210_V00_S0369_I00000488_P0491_f0000552,V00_S0369_I00000488_P0491,naturalistic/train/0009/0007/V00_S0369_I00000488_P0491,naturalistic/train/0009/0021/V00_S0369_I00000488_P0024,fresh_flagged_fm1_sitting,fresh,naturalistic,552,V00,naturalistic,train,ipc_conversation,fm1_sitting: only this mode fired; participant not in the recheck cohort,"{""clip_anchored_on_fm2_violation"": false, ""flag_count"": 1, ""flags_fired"": ""fm1_sitting"", ""fm1_hip_flexion_deg_p50"": 115.57607967032295, ""fm1_knee_between_torso_p50"": 0.4248824471442654, ""fm1_leg_over_torso_p50"": 1.1431543327704423, ""fm1_reasons"": ""knee_between"", ""fm1_shin_verticality_p50"": 0.9995411800307221, ""fm1_sitting_file"": true, ""fm1_sitting_participant"": true, ""fm1_unit"": ""0491@0369"", ""fm1_unit_basis"": ""majority"", ""fm2_in_frame_and_valid_frac"": 0.9994186046511628, ""fm2_pass_frac_round3_joints_only"": 0.9998062015503876, ""fm2_smplh_valid_frac"": 1.0, ""fm2_surface_correction_px_p50"": 42.894397268016405, ""fm2_vertex_worst_inset_min_px"": -14.154687638592804, ""fm2_violation_run_max_frames"": 3.0, ""fm2_violation_runs"": 1.0, ""fm2_windowed_pass_frac"": 0.8, ""fm3_static_frac"": 0.4325581395348837, ""observed_duration_s"": 172.0, ""reproj_px_p50"": 34.065767865546064, ""reproj_shoulder_widths_p50"": 0.09563544576576258, ""unit_files"": 4.0, ""unit_flagged_frac"": 0.5, ""unit_hip_flexion_min"": 113.17360446737011, ""unit_knee_between_min"": 0.40139645022661435}",render
r4_211,fresh_flagged_fm1_sitting_211_V00_S1933_I00000012_P0805_f0000693,V00_S1933_I00000012_P0805,naturalistic/train/0031/0030/V00_S1933_I00000012_P0805,naturalistic/train/0031/0029/V00_S1933_I00000012_P1220,fresh_flagged_fm1_sitting,fresh,naturalistic,693,V00,naturalistic,train,ipc_conversation,fm1_sitting: only this mode fired; participant not in the recheck cohort,"{""clip_anchored_on_fm2_violation"": false, ""flag_count"": 1, ""flags_fired"": ""fm1_sitting"", ""fm1_hip_flexion_deg_p50"": 93.25166269081686, ""fm1_knee_between_torso_p50"": 0.2154814911739101, ""fm1_leg_over_torso_p50"": 1.5778733530418312, ""fm1_reasons"": ""knee_between"", ""fm1_shin_verticality_p50"": 0.9998078182443362, ""fm1_sitting_file"": true, ""fm1_sitting_participant"": true, ""fm1_unit"": ""0805@1933"", ""fm1_unit_basis"": ""majority"", ""fm2_in_frame_and_valid_frac"": 0.9932584269662922, ""fm2_pass_frac_round3_joints_only"": 1.0, ""fm2_smplh_valid_frac"": 1.0, ""fm2_surface_correction_px_p50"": 20.822295192803722, ""fm2_vertex_worst_inset_min_px"": 40.62825998666949, ""fm2_violation_run_max_frames"": 7.0, ""fm2_violation_runs"": 12.0, ""fm2_windowed_pass_frac"": 1.0, ""fm3_static_frac"": 0.5074906367041199, ""observed_duration_s"": 178.0, ""reproj_px_p50"": 18.065925325874076, ""reproj_shoulder_widths_p50"": 0.05741917208763071, ""unit_files"": 2.0, ""unit_flagged_frac"": 1.0, ""unit_hip_flexion_min"": 87.13515597925758, ""unit_knee_between_min"": 0.1450738338235779}",render
r4_212,fresh_flagged_fm1_sitting_212_V00_S1045_I00000012_P1067_f0003598,V00_S1045_I00000012_P1067,naturalistic/dev/0001/0027/V00_S1045_I00000012_P1067,naturalistic/dev/0001/0038/V00_S1045_I00000012_P1066,fresh_flagged_fm1_sitting,fresh,naturalistic,3598,V00,naturalistic,dev,ipc_conversation,fm1_sitting: only this mode fired; participant not in the recheck cohort,"{""clip_anchored_on_fm2_violation"": false, ""flag_count"": 1, ""flags_fired"": ""fm1_sitting"", ""fm1_hip_flexion_deg_p50"": 76.03713077878876, ""fm1_knee_between_torso_p50"": -0.04069986506662773, ""fm1_leg_over_torso_p50"": 1.370870557729753, ""fm1_reasons"": ""knee_between"", ""fm1_shin_verticality_p50"": 0.9994060080712641, ""fm1_sitting_file"": true, ""fm1_sitting_participant"": true, ""fm1_unit"": ""1067@1045"", ""fm1_unit_basis"": ""majority"", ""fm2_in_frame_and_valid_frac"": 1.0, ""fm2_pass_frac_round3_joints_only"": 1.0, ""fm2_smplh_valid_frac"": 1.0, ""fm2_surface_correction_px_p50"": 20.769225465705176, ""fm2_vertex_worst_inset_min_px"": 156.64043736565418, ""fm2_violation_run_max_frames"": 0.0, ""fm2_violation_runs"": 0.0, ""fm2_windowed_pass_frac"": 1.0, ""fm3_static_frac"": 0.5671428571428572, ""observed_duration_s"": 210.0, ""reproj_px_p50"": 24.839579386295714, ""reproj_shoulder_widths_p50"": 0.07828163950580733, ""unit_files"": 5.0, ""unit_flagged_frac"": 1.0, ""unit_hip_flexion_min"": 76.03713077878876, ""unit_knee_between_min"": -0.04069986506662773}",render
r4_213,fresh_flagged_fm1_sitting_213_V00_S1045_I00000606_P1067_f0002427,V00_S1045_I00000606_P1067,naturalistic/dev/0001/0011/V00_S1045_I00000606_P1067,naturalistic/dev/0001/0004/V00_S1045_I00000606_P1066,fresh_flagged_fm1_sitting,fresh,naturalistic,2427,V00,naturalistic,dev,grounded_gesture,fm1_sitting: only this mode fired; participant not in the recheck cohort,"{""clip_anchored_on_fm2_violation"": false, ""flag_count"": 1, ""flags_fired"": ""fm1_sitting"", ""fm1_hip_flexion_deg_p50"": 80.3818352212558, ""fm1_knee_between_torso_p50"": 0.04014620789532036, ""fm1_leg_over_torso_p50"": 1.2689890175933738, ""fm1_reasons"": ""knee_between"", ""fm1_shin_verticality_p50"": 0.9997830531250207, ""fm1_sitting_file"": true, ""fm1_sitting_participant"": true, ""fm1_unit"": ""1067@1045"", ""fm1_unit_basis"": ""majority"", ""fm2_in_frame_and_valid_frac"": 1.0, ""fm2_pass_frac_round3_joints_only"": 1.0, ""fm2_smplh_valid_frac"": 1.0, ""fm2_surface_correction_px_p50"": 25.288155468730906, ""fm2_vertex_worst_inset_min_px"": 169.9791475164459, ""fm2_violation_run_max_frames"": 0.0, ""fm2_violation_runs"": 0.0, ""fm2_windowed_pass_frac"": 1.0, ""fm3_static_frac"": 0.3142543859649123, ""observed_duration_s"": 152.0, ""reproj_px_p50"": 29.18218708665532, ""reproj_shoulder_widths_p50"": 0.09317416931287573, ""unit_files"": 5.0, ""unit_flagged_frac"": 1.0, ""unit_hip_flexion_min"": 76.03713077878876, ""unit_knee_between_min"": -0.04069986506662773}",render
r4_214,fresh_flagged_fm1_sitting_214_V00_S1933_I00000294_P1220_f0006564,V00_S1933_I00000294_P1220,naturalistic/train/0031/0020/V00_S1933_I00000294_P1220,naturalistic/train/0031/0044/V00_S1933_I00000294_P0805,fresh_flagged_fm1_sitting,fresh,naturalistic,6564,V00,naturalistic,train,ipc_conversation,fm1_sitting: only this mode fired; participant not in the recheck cohort,"{""clip_anchored_on_fm2_violation"": false, ""flag_count"": 1, ""flags_fired"": ""fm1_sitting"", ""fm1_hip_flexion_deg_p50"": 72.96890964363271, ""fm1_knee_between_torso_p50"": -0.11677668736885209, ""fm1_leg_over_torso_p50"": 1.5665074372477314, ""fm1_reasons"": ""knee_between"", ""fm1_shin_verticality_p50"": 0.9868276615009524, ""fm1_sitting_file"": true, ""fm1_sitting_participant"": true, ""fm1_unit"": ""1220@1933"", ""fm1_unit_basis"": ""majority"", ""fm2_in_frame_and_valid_frac"": 1.0, ""fm2_pass_frac_round3_joints_only"": 1.0, ""fm2_smplh_valid_frac"": 1.0, ""fm2_surface_correction_px_p50"": 38.25192610647929, ""fm2_vertex_worst_inset_min_px"": 174.14412398221936, ""fm2_violation_run_max_frames"": 0.0, ""fm2_violation_runs"": 0.0, ""fm2_windowed_pass_frac"": 1.0, ""fm3_static_frac"": 0.2676616915422886, ""observed_duration_s"": 268.0, ""reproj_px_p50"": 16.751475787237823, ""reproj_shoulder_widths_p50"": 0.05539132548403718, ""unit_files"": 2.0, ""unit_flagged_frac"": 1.0, ""unit_hip_flexion_min"": 72.96890964363271, ""unit_knee_between_min"": -0.11677668736885209}",render
r4_215,fresh_flagged_fm1_sitting_215_V00_S0284_I00000486_P0385_f0000414,V00_S0284_I00000486_P0385,naturalistic/train/0006/0033/V00_S0284_I00000486_P0385,naturalistic/train/0006/0006/V00_S0284_I00000486_P0384,fresh_flagged_fm1_sitting,fresh,naturalistic,414,V00,naturalistic,train,ipc_conversation,fm1_sitting: only this mode fired; participant not in the recheck cohort,"{""clip_anchored_on_fm2_violation"": false, ""flag_count"": 1, ""flags_fired"": ""fm1_sitting"", ""fm1_hip_flexion_deg_p50"": 89.73101582876502, ""fm1_knee_between_torso_p50"": 0.21379177933542062, ""fm1_leg_over_torso_p50"": 0.8823880379733449, ""fm1_reasons"": ""knee_between"", ""fm1_shin_verticality_p50"": 0.9945054674034555, ""fm1_sitting_file"": true, ""fm1_sitting_participant"": true, ""fm1_unit"": ""0385@0284"", ""fm1_unit_basis"": ""majority"", ""fm2_in_frame_and_valid_frac"": 0.9815972222222222, ""fm2_pass_frac_round3_joints_only"": 0.9934027777777777, ""fm2_smplh_valid_frac"": 1.0, ""fm2_surface_correction_px_p50"": 44.70254815422277, ""fm2_vertex_worst_inset_min_px"": -67.41001812645959, ""fm2_violation_run_max_frames"": 32.0, ""fm2_violation_runs"": 3.0, ""fm2_windowed_pass_frac"": 0.6666666666666666, ""fm3_static_frac"": 0.14583333333333334, ""observed_duration_s"": 96.0, ""reproj_px_p50"": 33.4956504877173, ""reproj_shoulder_widths_p50"": 0.0842689607578542, ""unit_files"": 4.0, ""unit_flagged_frac"": 1.0, ""unit_hip_flexion_min"": 86.9387368391761, ""unit_knee_between_min"": 0.1661414646567012}",render
r4_216,fresh_flagged_fm1_sitting_216_V00_S0360_I00000374_P0484_f0008169,V00_S0360_I00000374_P0484,naturalistic/dev/0000/0009/V00_S0360_I00000374_P0484,naturalistic/dev/0000/0014/V00_S0360_I00000374_P0485,fresh_flagged_fm1_sitting,fresh,naturalistic,8169,V00,naturalistic,dev,ipc_conversation,fm1_sitting: only this mode fired; participant not in the recheck cohort,"{""clip_anchored_on_fm2_violation"": false, ""flag_count"": 1, ""flags_fired"": ""fm1_sitting"", ""fm1_hip_flexion_deg_p50"": 103.65984475050632, ""fm1_knee_between_torso_p50"": 0.30961535599622114, ""fm1_leg_over_torso_p50"": 1.3728124476925894, ""fm1_reasons"": ""knee_between"", ""fm1_shin_verticality_p50"": 0.9676172757147606, ""fm1_sitting_file"": true, ""fm1_sitting_participant"": true, ""fm1_unit"": ""0484@0360"", ""fm1_unit_basis"": ""majority"", ""fm2_in_frame_and_valid_frac"": 0.0, ""fm2_pass_frac_round3_joints_only"": 0.17490942028985507, ""fm2_smplh_valid_frac"": 1.0, ""fm2_surface_correction_px_p50"": 55.91844090087602, ""fm2_vertex_worst_inset_min_px"": -124.12863742955392, ""fm2_violation_run_max_frames"": 11040.0, ""fm2_violation_runs"": 1.0, ""fm2_windowed_pass_frac"": 0.0, ""fm3_static_frac"": 0.00018115942028985507, ""observed_duration_s"": 368.0, ""reproj_px_p50"": 15.485142628191094, ""reproj_shoulder_widths_p50"": 0.0336737093090351, ""unit_files"": 1.0, ""unit_flagged_frac"": 1.0, ""unit_hip_flexion_min"": 103.65984475050632, ""unit_knee_between_min"": 0.30961535599622114}",render
r4_217,fresh_flagged_fm1_sitting_217_V00_S1391_I00001093_P1094A_f0003298,V00_S1391_I00001093_P1094A,improvised/train/0032/0051/V00_S1391_I00001093_P1094A,improvised/train/0032/0035/V00_S1391_I00001093_P1124A,fresh_flagged_fm1_sitting,fresh,improvised,3298,V00,improvised,train,ipc_conversation,fm1_sitting: with other modes; participant not in the recheck cohort,"{""clip_anchored_on_fm2_violation"": true, ""flag_count"": 2, ""flags_fired"": ""fm1_sitting+fm2_smplh_invalid"", ""fm1_hip_flexion_deg_p50"": 117.22472475721447, ""fm1_knee_between_torso_p50"": 0.4264013354929559, ""fm1_leg_over_torso_p50"": 1.0777119123868117, ""fm1_reasons"": ""knee_between"", ""fm1_shin_verticality_p50"": 0.9976303335897911, ""fm1_sitting_file"": true, ""fm1_sitting_participant"": true, ""fm1_unit"": ""1094A@1391"", ""fm1_unit_basis"": ""majority"", ""fm2_in_frame_and_valid_frac"": 0.9001333333333333, ""fm2_pass_frac_round3_joints_only"": 0.928, ""fm2_smplh_valid_frac"": 0.9516, ""fm2_surface_correction_px_p50"": 24.656172508694908, ""fm2_vertex_worst_inset_min_px"": -194.60114361641467, ""fm2_violation_run_max_frames"": 107.0, ""fm2_violation_runs"": 40.0, ""fm2_windowed_pass_frac"": 0.25, ""fm3_static_frac"": 0.0448, ""observed_duration_s"": 250.0, ""reproj_px_p50"": 42.498509266857326, ""reproj_shoulder_widths_p50"": 0.12136951968403571, ""unit_files"": 1.0, ""unit_flagged_frac"": 1.0, ""unit_hip_flexion_min"": 117.22472475721447, ""unit_knee_between_min"": 0.4264013354929559}",render
r4_218,fresh_flagged_fm1_sitting_218_V00_S1904_I00001147_P1155A_f0009334,V00_S1904_I00001147_P1155A,improvised/train/0046/0003/V00_S1904_I00001147_P1155A,improvised/train/0046/0047/V00_S1904_I00001147_P0946A,fresh_flagged_fm1_sitting,fresh,improvised,9334,V00,improvised,train,ipc_conversation,fm1_sitting: with other modes; participant not in the recheck cohort,"{""clip_anchored_on_fm2_violation"": true, ""flag_count"": 2, ""flags_fired"": ""fm1_sitting+fm2_smplh_invalid"", ""fm1_hip_flexion_deg_p50"": 118.33614658423289, ""fm1_knee_between_torso_p50"": 0.4217800619695924, ""fm1_leg_over_torso_p50"": 1.1166357956219062, ""fm1_reasons"": ""knee_between"", ""fm1_shin_verticality_p50"": 0.9995411733335239, ""fm1_sitting_file"": true, ""fm1_sitting_participant"": true, ""fm1_unit"": ""1155A@1904"", ""fm1_unit_basis"": ""majority"", ""fm2_in_frame_and_valid_frac"": 0.9919934640522876, ""fm2_pass_frac_round3_joints_only"": 0.9990196078431373, ""fm2_smplh_valid_frac"": 0.9996732026143791, ""fm2_surface_correction_px_p50"": 34.472886860230005, ""fm2_vertex_worst_inset_min_px"": -258.56178673093336, ""fm2_violation_run_max_frames"": 38.0, ""fm2_violation_runs"": 9.0, ""fm2_windowed_pass_frac"": 1.0, ""fm3_static_frac"": 0.022630718954248365, ""observed_duration_s"": 408.0, ""reproj_px_p50"": 18.187957268172536, ""reproj_shoulder_widths_p50"": 0.05271059092708473, ""unit_files"": 1.0, ""unit_flagged_frac"": 1.0, ""unit_hip_flexion_min"": 118.33614658423289, ""unit_knee_between_min"": 0.4217800619695924}",render
r4_219,fresh_flagged_fm1_sitting_219_V00_S0835_I00000896_P0935A_f0005820,V00_S0835_I00000896_P0935A,improvised/train/0017/0053/V00_S0835_I00000896_P0935A,improvised/train/0017/0001/V00_S0835_I00000896_P0004A,fresh_flagged_fm1_sitting,fresh,improvised,5820,V00,improvised,train,ipc_conversation,fm1_sitting: with other modes; participant not in the recheck cohort,"{""clip_anchored_on_fm2_violation"": true, ""flag_count"": 2, ""flags_fired"": ""fm1_sitting+fm2_smplh_invalid"", ""fm1_hip_flexion_deg_p50"": 112.45324895871242, ""fm1_knee_between_torso_p50"": 0.40135901134192264, ""fm1_leg_over_torso_p50"": 1.183731354165072, ""fm1_reasons"": ""knee_between"", ""fm1_shin_verticality_p50"": 0.9994801147640915, ""fm1_sitting_file"": true, ""fm1_sitting_participant"": true, ""fm1_unit"": ""0935A@0835"", ""fm1_unit_basis"": ""majority"", ""fm2_in_frame_and_valid_frac"": 0.9741071428571428, ""fm2_pass_frac_round3_joints_only"": 0.9741071428571428, ""fm2_smplh_valid_frac"": 0.9747023809523809, ""fm2_surface_correction_px_p50"": 45.24206647084134, ""fm2_vertex_worst_inset_min_px"": -12.269861482223405, ""fm2_violation_run_max_frames"": 163.0, ""fm2_violation_runs"": 5.0, ""fm2_windowed_pass_frac"": 0.8571428571428571, ""fm3_static_frac"": 0.23675595238095237, ""observed_duration_s"": 224.0, ""reproj_px_p50"": 26.572283718197234, ""reproj_shoulder_widths_p50"": 0.08296007661350695, ""unit_files"": 1.0, ""unit_flagged_frac"": 1.0, ""unit_hip_flexion_min"": 112.45324895871242, ""unit_knee_between_min"": 0.40135901134192264}",render
r4_220,fresh_flagged_fm1_sitting_220_V00_S0815_I00000543_P0678_f0001333,V00_S0815_I00000543_P0678,improvised/train/0016/0039/V00_S0815_I00000543_P0678,improvised/train/0016/0038/V00_S0815_I00000543_P0004A,fresh_flagged_fm1_sitting,fresh,improvised,1333,V00,improvised,train,grounded_gesture,fm1_sitting: with other modes; participant not in the recheck cohort,"{""clip_anchored_on_fm2_violation"": true, ""flag_count"": 2, ""flags_fired"": ""fm1_sitting+fm2_smplh_invalid"", ""fm1_hip_flexion_deg_p50"": 111.77163370301483, ""fm1_knee_between_torso_p50"": 0.40285849422794423, ""fm1_leg_over_torso_p50"": 1.126274717110436, ""fm1_reasons"": ""knee_between"", ""fm1_shin_verticality_p50"": 0.9761870087523435, ""fm1_sitting_file"": true, ""fm1_sitting_participant"": true, ""fm1_unit"": ""0678@0815"", ""fm1_unit_basis"": ""majority"", ""fm2_in_frame_and_valid_frac"": 0.9567129629629629, ""fm2_pass_frac_round3_joints_only"": 0.9668981481481481, ""fm2_smplh_valid_frac"": 0.986574074074074, ""fm2_surface_correction_px_p50"": 39.46772763314357, ""fm2_vertex_worst_inset_min_px"": -161.65446941489927, ""fm2_violation_run_max_frames"": 37.0, ""fm2_violation_runs"": 24.0, ""fm2_windowed_pass_frac"": 0.0, ""fm3_static_frac"": 0.27800925925925923, ""observed_duration_s"": 144.0, ""reproj_px_p50"": 31.90489990183927, ""reproj_shoulder_widths_p50"": 0.0856590750646109, ""unit_files"": 1.0, ""unit_flagged_frac"": 1.0, ""unit_hip_flexion_min"": 111.77163370301483, ""unit_knee_between_min"": 0.40285849422794423}",render
r4_221,fresh_flagged_fm1_sitting_221_V00_S0649_I00000542_P0802_f0000000,V00_S0649_I00000542_P0802,improvised/train/0012/0008/V00_S0649_I00000542_P0802,improvised/train/0012/0014/V00_S0649_I00000542_P0262A,fresh_flagged_fm1_sitting,fresh,improvised,0,V00,improvised,train,ipc_conversation,fm1_sitting: with other modes; participant not in the recheck cohort,"{""clip_anchored_on_fm2_violation"": true, ""flag_count"": 2, ""flags_fired"": ""fm1_sitting+fm2_smplh_invalid"", ""fm1_hip_flexion_deg_p50"": 150.39372210018, ""fm1_knee_between_torso_p50"": 0.5382551986639391, ""fm1_leg_over_torso_p50"": 1.2405888364290072, ""fm1_reasons"": """", ""fm1_shin_verticality_p50"": 0.9987523398639022, ""fm1_sitting_file"": false, ""fm1_sitting_participant"": true, ""fm1_unit"": ""0802@0649"", ""fm1_unit_basis"": ""majority"", ""fm2_in_frame_and_valid_frac"": 0.9744444444444444, ""fm2_pass_frac_round3_joints_only"": 0.9744444444444444, ""fm2_smplh_valid_frac"": 0.9744444444444444, ""fm2_surface_correction_px_p50"": 28.679859049751485, ""fm2_vertex_worst_inset_min_px"": 1.3586138145074074, ""fm2_violation_run_max_frames"": 92.0, ""fm2_violation_runs"": 1.0, ""fm2_windowed_pass_frac"": 0.75, ""fm3_static_frac"": 0.008333333333333333, ""observed_duration_s"": 120.0, ""reproj_px_p50"": 44.15673215903346, ""reproj_shoulder_widths_p50"": 0.1358354409993967, ""unit_files"": 2.0, ""unit_flagged_frac"": 0.5, ""unit_hip_flexion_min"": 93.8862385535415, ""unit_knee_between_min"": 0.24150319028420733}",render
r4_222,fresh_flagged_fm1_sitting_222_V00_S1697_I00001048_P0974A_f0007842,V00_S1697_I00001048_P0974A,improvised/train/0041/0027/V00_S1697_I00001048_P0974A,improvised/train/0041/0065/V00_S1697_I00001048_P0933A,fresh_flagged_fm1_sitting,fresh,improvised,7842,V00,improvised,train,ipc_conversation,fm1_sitting: with other modes; participant not in the recheck cohort,"{""clip_anchored_on_fm2_violation"": true, ""flag_count"": 2, ""flags_fired"": ""fm1_sitting+fm2_smplh_invalid"", ""fm1_hip_flexion_deg_p50"": 136.92068053075408, ""fm1_knee_between_torso_p50"": 0.48645754517115336, ""fm1_leg_over_torso_p50"": 1.2697615907931254, ""fm1_reasons"": """", ""fm1_shin_verticality_p50"": 0.9996144106415404, ""fm1_sitting_file"": false, ""fm1_sitting_participant"": true, ""fm1_unit"": ""0974A@1697"", ""fm1_unit_basis"": ""majority"", ""fm2_in_frame_and_valid_frac"": 0.8532719836400818, ""fm2_pass_frac_round3_joints_only"": 0.854601226993865, ""fm2_smplh_valid_frac"": 0.9174846625766871, ""fm2_surface_correction_px_p50"": 24.810942016858007, ""fm2_vertex_worst_inset_min_px"": -235.55776859776097, ""fm2_violation_run_max_frames"": 535.0, ""fm2_violation_runs"": 109.0, ""fm2_windowed_pass_frac"": 0.4, ""fm3_static_frac"": 0.002871205906480722, ""observed_duration_s"": 326.0, ""reproj_px_p50"": 38.37909988677107, ""reproj_shoulder_widths_p50"": 0.12736229040381283, ""unit_files"": 2.0, ""unit_flagged_frac"": 0.5, ""unit_hip_flexion_min"": 113.76241995685852, ""unit_knee_between_min"": 0.4197661336321443}",render
r4_223,fresh_flagged_fm1_sitting_223_V00_S1697_I00001045_P0974A_f0008160,V00_S1697_I00001045_P0974A,improvised/train/0041/0060/V00_S1697_I00001045_P0974A,improvised/train/0041/0042/V00_S1697_I00001045_P0933A,fresh_flagged_fm1_sitting,fresh,improvised,8160,V00,improvised,train,ipc_conversation,fm1_sitting: with other modes; participant not in the recheck cohort,"{""clip_anchored_on_fm2_violation"": true, ""flag_count"": 2, ""flags_fired"": ""fm1_sitting+fm2_smplh_invalid"", ""fm1_hip_flexion_deg_p50"": 113.76241995685852, ""fm1_knee_between_torso_p50"": 0.4197661336321443, ""fm1_leg_over_torso_p50"": 0.9573723270139247, ""fm1_reasons"": ""knee_between"", ""fm1_shin_verticality_p50"": 0.9994059908590183, ""fm1_sitting_file"": true, ""fm1_sitting_participant"": true, ""fm1_unit"": ""0974A@1697"", ""fm1_unit_basis"": ""majority"", ""fm2_in_frame_and_valid_frac"": 0.9515452538631347, ""fm2_pass_frac_round3_joints_only"": 0.9551876379690949, ""fm2_smplh_valid_frac"": 0.9650110375275939, ""fm2_surface_correction_px_p50"": 30.08702676245241, ""fm2_vertex_worst_inset_min_px"": -184.51326012268464, ""fm2_violation_run_max_frames"": 94.0, ""fm2_violation_runs"": 22.0, ""fm2_windowed_pass_frac"": 0.2, ""fm3_static_frac"": 0.011920529801324504, ""observed_duration_s"": 302.0, ""reproj_px_p50"": 39.97589831582643, ""reproj_shoulder_widths_p50"": 0.11637735261762858, ""unit_files"": 2.0, ""unit_flagged_frac"": 0.5, ""unit_hip_flexion_min"": 113.76241995685852, ""unit_knee_between_min"": 0.4197661336321443}",render
r4_224,fresh_flagged_fm1_sitting_224_V00_S1701_I00001006_P0974A_f0000000,V00_S1701_I00001006_P0974A,improvised/train/0041/0037/V00_S1701_I00001006_P0974A,improvised/train/0041/0004/V00_S1701_I00001006_P0933A,fresh_flagged_fm1_sitting,fresh,improvised,0,V00,improvised,train,ipc_conversation,fm1_sitting: with other modes; participant not in the recheck cohort,"{""clip_anchored_on_fm2_violation"": true, ""flag_count"": 2, ""flags_fired"": ""fm1_sitting+fm2_smplh_invalid"", ""fm1_hip_flexion_deg_p50"": 111.80014535387762, ""fm1_knee_between_torso_p50"": 0.4007335429731076, ""fm1_leg_over_torso_p50"": 0.9906254947863575, ""fm1_reasons"": ""knee_between"", ""fm1_shin_verticality_p50"": 0.9995120816934899, ""fm1_sitting_file"": true, ""fm1_sitting_participant"": true, ""fm1_unit"": ""0974A@1701"", ""fm1_unit_basis"": ""majority"", ""fm2_in_frame_and_valid_frac"": 0.9805280528052805, ""fm2_pass_frac_round3_joints_only"": 0.981023102310231, ""fm2_smplh_valid_frac"": 0.9836633663366336, ""fm2_surface_correction_px_p50"": 37.6126913390807, ""fm2_vertex_worst_inset_min_px"": -43.429645546086704, ""fm2_violation_run_max_frames"": 36.0, ""fm2_violation_runs"": 24.0, ""fm2_windowed_pass_frac"": 0.3333333333333333, ""fm3_static_frac"": 0.01996699669966997, ""observed_duration_s"": 202.0, ""reproj_px_p50"": 38.637367261050144, ""reproj_shoulder_widths_p50"": 0.11516607643745422, ""unit_files"": 1.0, ""unit_flagged_frac"": 1.0, ""unit_hip_flexion_min"": 111.80014535387762, ""unit_knee_between_min"": 0.4007335429731076}",render
r4_225,fresh_flagged_fm1_sitting_225_V00_S0649_I00000544_P0802_f0000869,V00_S0649_I00000544_P0802,improvised/train/0012/0003/V00_S0649_I00000544_P0802,improvised/train/0012/0008/V00_S0649_I00000544_P0262A,fresh_flagged_fm1_sitting,fresh,improvised,869,V00,improvised,train,ipc_conversation,fm1_sitting: with other modes; participant not in the recheck cohort,"{""clip_anchored_on_fm2_violation"": true, ""flag_count"": 2, ""flags_fired"": ""fm1_sitting+fm2_smplh_invalid"", ""fm1_hip_flexion_deg_p50"": 93.8862385535415, ""fm1_knee_between_torso_p50"": 0.24150319028420733, ""fm1_leg_over_torso_p50"": 1.6108550723131456, ""fm1_reasons"": ""knee_between"", ""fm1_shin_verticality_p50"": 0.9919979268071791, ""fm1_sitting_file"": true, ""fm1_sitting_participant"": true, ""fm1_unit"": ""0802@0649"", ""fm1_unit_basis"": ""majority"", ""fm2_in_frame_and_valid_frac"": 0.8977477477477478, ""fm2_pass_frac_round3_joints_only"": 0.8977477477477478, ""fm2_smplh_valid_frac"": 0.8977477477477478, ""fm2_surface_correction_px_p50"": 26.06048071025407, ""fm2_vertex_worst_inset_min_px"": 18.27516715104298, ""fm2_violation_run_max_frames"": 419.0, ""fm2_violation_runs"": 29.0, ""fm2_windowed_pass_frac"": 0.6666666666666666, ""fm3_static_frac"": 0.03141891891891892, ""observed_duration_s"": 296.0, ""reproj_px_p50"": 30.87070747922008, ""reproj_shoulder_widths_p50"": 0.09437153243244821, ""unit_files"": 2.0, ""unit_flagged_frac"": 0.5, ""unit_hip_flexion_min"": 93.8862385535415, ""unit_knee_between_min"": 0.24150319028420733}",render
r4_226,fresh_flagged_fm1_sitting_226_V00_S2059_I00001183_P1316A_f0002800,V00_S2059_I00001183_P1316A,improvised/train/0049/0024/V00_S2059_I00001183_P1316A,improvised/train/0049/0004/V00_S2059_I00001183_P1317A,fresh_flagged_fm1_sitting,fresh,improvised,2800,V00,improvised,train,ipc_conversation,fm1_sitting: with other modes,"{""clip_anchored_on_fm2_violation"": true, ""flag_count"": 2, ""flags_fired"": ""fm1_sitting+fm2_smplh_invalid"", ""fm1_hip_flexion_deg_p50"": 115.82917096446455, ""fm1_knee_between_torso_p50"": 0.3947720164792067, ""fm1_leg_over_torso_p50"": 1.5340493555324113, ""fm1_reasons"": ""knee_between"", ""fm1_shin_verticality_p50"": 0.9814905703116974, ""fm1_sitting_file"": true, ""fm1_sitting_participant"": true, ""fm1_unit"": ""1316A@2059"", ""fm1_unit_basis"": ""majority"", ""fm2_in_frame_and_valid_frac"": 0.9527522935779816, ""fm2_pass_frac_round3_joints_only"": 0.9571865443425076, ""fm2_smplh_valid_frac"": 0.959480122324159, ""fm2_surface_correction_px_p50"": 47.03754054358632, ""fm2_vertex_worst_inset_min_px"": -147.47967044547067, ""fm2_violation_run_max_frames"": 135.0, ""fm2_violation_runs"": 14.0, ""fm2_windowed_pass_frac"": 0.5714285714285714, ""fm3_static_frac"": 0.29510703363914376, ""observed_duration_s"": 218.0, ""reproj_px_p50"": 15.356266818134712, ""reproj_shoulder_widths_p50"": 0.04375039339779817, ""unit_files"": 2.0, ""unit_flagged_frac"": 1.0, ""unit_hip_flexion_min"": 112.37664406405375, ""unit_knee_between_min"": 0.3723289695935128}",render
r4_227,fresh_flagged_fm1_sitting_227_V00_S0200_I00000131_P0271_f0001359,V00_S0200_I00000131_P0271,improvised/train/0004/0002/V00_S0200_I00000131_P0271,improvised/train/0004/0031/V00_S0200_I00000131_P0003A,fresh_flagged_fm1_sitting,fresh,improvised,1359,V00,improvised,train,ipc_conversation,fm1_sitting: with other modes,"{""clip_anchored_on_fm2_violation"": false, ""flag_count"": 2, ""flags_fired"": ""fm1_sitting+fm3_static_hands"", ""fm1_hip_flexion_deg_p50"": 112.7550888142409, ""fm1_knee_between_torso_p50"": 0.3698159710160548, ""fm1_leg_over_torso_p50"": 1.4363329209766964, ""fm1_reasons"": ""knee_between"", ""fm1_shin_verticality_p50"": 0.9821551417039202, ""fm1_sitting_file"": true, ""fm1_sitting_participant"": true, ""fm1_unit"": ""0271@0200"", ""fm1_unit_basis"": ""majority"", ""fm2_in_frame_and_valid_frac"": 1.0, ""fm2_pass_frac_round3_joints_only"": 1.0, ""fm2_smplh_valid_frac"": 1.0, ""fm2_surface_correction_px_p50"": 22.230615506239133, ""fm2_vertex_worst_inset_min_px"": 52.389253579005526, ""fm2_violation_run_max_frames"": 0.0, ""fm2_violation_runs"": 0.0, ""fm2_windowed_pass_frac"": 1.0, ""fm3_static_frac"": 0.9370967741935484, ""observed_duration_s"": 124.0, ""reproj_px_p50"": 23.516928396051686, ""reproj_shoulder_widths_p50"": 0.07081171038758402, ""unit_files"": 2.0, ""unit_flagged_frac"": 1.0, ""unit_hip_flexion_min"": 109.31154903987111, ""unit_knee_between_min"": 0.3698159710160548}",render
