review_item_id,clip_id,file_id,source_relbase,partner_source_relbase,sample_group,label_stratum,start_frame,vendor,label,split,activity_type,selection_reason,signals_json,render_policy
v00_300,targeted_300_V00_S1933_I00000005_P1220_f0002969,V00_S1933_I00000005_P1220,naturalistic/train/0031/0017/V00_S1933_I00000005_P1220,naturalistic/train/0031/0033/V00_S1933_I00000005_P0805,targeted,naturalistic,2969,V00,naturalistic,train,ipc_conversation,extreme:vocab_framing:smallest_person_in_frame,"{""avg_fps"": 30.0, ""label_of_pick"": ""naturalistic"", ""npz_frames_min"": 3720, ""npz_status"": ""ok"", ""pool"": ""v00_pool_signals"", ""render_frames"": 300, ""selector_column"": ""framing_person_height_frac_p50"", ""selector_value"": 0.508744732538859, ""targeted_role"": ""vocabulary_extreme"", ""valid_frac_box"": 1.0, ""valid_frac_smplh"": 1.0, ""video_nb_frames"": 3720, ""vocabulary_term"": ""framing""}",render
v00_301,targeted_301_V00_S0147_I00000385_P0209_f0000772,V00_S0147_I00000385_P0209,naturalistic/train/0003/0004/V00_S0147_I00000385_P0209,naturalistic/train/0003/0035/V00_S0147_I00000385_P0070,targeted,naturalistic,772,V00,naturalistic,train,ipc_conversation,extreme:vocab_framing:largest_person_in_frame,"{""avg_fps"": 30.0, ""label_of_pick"": ""naturalistic"", ""npz_frames_min"": 3300, ""npz_status"": ""ok"", ""pool"": ""v00_pool_signals"", ""render_frames"": 300, ""selector_column"": ""framing_person_height_frac_p50"", ""selector_value"": 0.8426852862040202, ""targeted_role"": ""vocabulary_extreme"", ""valid_frac_box"": 1.0, ""valid_frac_smplh"": 1.0, ""video_nb_frames"": 3300, ""vocabulary_term"": ""framing""}",render
v00_302,targeted_302_V00_S0464_I00000482_P0593_f0002507,V00_S0464_I00000482_P0593,naturalistic/train/0012/0036/V00_S0464_I00000482_P0593,naturalistic/train/0012/0006/V00_S0464_I00000482_P0334,targeted,naturalistic,2507,V00,naturalistic,train,ipc_conversation,extreme:vocab_framing:closest_to_raster_edge,"{""avg_fps"": 30.0, ""label_of_pick"": ""naturalistic"", ""npz_frames_min"": 10620, ""npz_status"": ""ok"", ""pool"": ""v00_pool_signals"", ""render_frames"": 300, ""selector_column"": ""framing_min_edge_margin_frac_p50"", ""selector_value"": -0.020072880497685186, ""targeted_role"": ""vocabulary_extreme"", ""valid_frac_box"": 1.0, ""valid_frac_smplh"": 0.986723, ""video_nb_frames"": 10620, ""vocabulary_term"": ""framing""}",render
v00_303,targeted_303_V00_S0360_I00000381_P0485_f0004257,V00_S0360_I00000381_P0485,naturalistic/dev/0000/0036/V00_S0360_I00000381_P0485,naturalistic/dev/0000/0035/V00_S0360_I00000381_P0484,targeted,naturalistic,4257,V00,naturalistic,dev,ipc_conversation,extreme:vocab_framing:most_frames_touching_edge,"{""avg_fps"": 30.0, ""label_of_pick"": ""naturalistic"", ""npz_frames_min"": 6360, ""npz_status"": ""ok"", ""pool"": ""v00_pool_signals"", ""render_frames"": 300, ""selector_column"": ""framing_frames_touching_edge_frac"", ""selector_value"": 0.5621069182389937, ""targeted_role"": ""vocabulary_extreme"", ""valid_frac_box"": 1.0, ""valid_frac_smplh"": 1.0, ""video_nb_frames"": 6360, ""vocabulary_term"": ""framing""}",render
v00_304,targeted_304_V00_S0649_I00000377_P0802_f0009109,V00_S0649_I00000377_P0802,improvised/train/0012/0019/V00_S0649_I00000377_P0802,improvised/train/0012/0032/V00_S0649_I00000377_P0262A,targeted,improvised,9109,V00,improvised,train,ipc_conversation,extreme:vocab_framing:most_body_points_outside_raster,"{""avg_fps"": 30.0, ""label_of_pick"": ""improvised"", ""npz_frames_min"": 10440, ""npz_status"": ""ok"", ""pool"": ""v00_pool_signals"", ""render_frames"": 300, ""selector_column"": ""framing_body_out_of_frame_point_frac"", ""selector_value"": 0.07016335084546263, ""targeted_role"": ""vocabulary_extreme"", ""valid_frac_box"": 0.98113, ""valid_frac_smplh"": 0.554502, ""video_nb_frames"": 10440, ""vocabulary_term"": ""framing""}",render
v00_305,targeted_305_V00_S1516_I00001044_P0799A_f0004032,V00_S1516_I00001044_P0799A,improvised/train/0036/0014/V00_S1516_I00001044_P0799A,improvised/train/0036/0028/V00_S1516_I00001044_P0230A,targeted,improvised,4032,V00,improvised,train,ipc_conversation,extreme:vocab_framing:most_off_centre_horizontally,"{""avg_fps"": 30.0, ""label_of_pick"": ""improvised"", ""npz_frames_min"": 5220, ""npz_status"": ""ok"", ""pool"": ""v00_pool_signals"", ""render_frames"": 300, ""selector_column"": ""framing_centre_offset_x_frac_p50"", ""selector_value"": 0.18076098406756366, ""targeted_role"": ""vocabulary_extreme"", ""valid_frac_box"": 1.0, ""valid_frac_smplh"": 0.998467, ""video_nb_frames"": 5220, ""vocabulary_term"": ""framing""}",render
v00_306,targeted_306_V00_S0638_I00000135_P0693_f0000687,V00_S0638_I00000135_P0693,naturalistic/train/0018/0008/V00_S0638_I00000135_P0693,naturalistic/train/0018/0021/V00_S0638_I00000135_P0797,targeted,naturalistic,687,V00,naturalistic,train,collaborative_storytelling,extreme:vocab_roll:largest_shoulder_line_tilt,"{""avg_fps"": 30.0, ""label_of_pick"": ""naturalistic"", ""npz_frames_min"": 4620, ""npz_status"": ""ok"", ""pool"": ""v00_pool_signals"", ""render_frames"": 300, ""selector_column"": ""roll_shoulder_abs_deg_p50"", ""selector_value"": 18.43493100431337, ""targeted_role"": ""vocabulary_extreme"", ""valid_frac_box"": 1.0, ""valid_frac_smplh"": 0.908874, ""video_nb_frames"": 4620, ""vocabulary_term"": ""roll""}",render
v00_307,targeted_307_V00_S1160_I00001039_P0042A_f0009502,V00_S1160_I00001039_P0042A,improvised/train/0025/0064/V00_S1160_I00001039_P0042A,improvised/train/0025/0033/V00_S1160_I00001039_P0004A,targeted,improvised,9502,V00,improvised,train,ipc_conversation,extreme:vocab_roll:most_variable_shoulder_tilt,"{""avg_fps"": 30.0, ""label_of_pick"": ""improvised"", ""npz_frames_min"": 12000, ""npz_status"": ""ok"", ""pool"": ""v00_pool_signals"", ""render_frames"": 300, ""selector_column"": ""roll_shoulder_deg_iqr"", ""selector_value"": 24.751530025431713, ""targeted_role"": ""vocabulary_extreme"", ""valid_frac_box"": 1.0, ""valid_frac_smplh"": 0.959667, ""video_nb_frames"": 12000, ""vocabulary_term"": ""roll""}",render
v00_308,targeted_308_V00_S0596_I00000477_P0754_f0001305,V00_S0596_I00000477_P0754,naturalistic/train/0017/0035/V00_S0596_I00000477_P0754,naturalistic/train/0017/0005/V00_S0596_I00000477_P0753,targeted,naturalistic,1305,V00,naturalistic,train,ipc_conversation,extreme:vocab_roll:largest_shoulder_versus_hip_tilt,"{""avg_fps"": 30.0, ""label_of_pick"": ""naturalistic"", ""npz_frames_min"": 2520, ""npz_status"": ""ok"", ""pool"": ""v00_pool_signals"", ""render_frames"": 300, ""selector_column"": ""roll_shoulder_minus_hip_deg_p50"", ""selector_value"": 9.525933536461494, ""targeted_role"": ""vocabulary_extreme"", ""valid_frac_box"": 1.0, ""valid_frac_smplh"": 1.0, ""video_nb_frames"": 2520, ""vocabulary_term"": ""roll""}",render
v00_309,targeted_309_V00_S0404_I00000132_P0005A_f0005392,V00_S0404_I00000132_P0005A,improvised/train/0008/0013/V00_S0404_I00000132_P0005A,improvised/train/0008/0041/V00_S0404_I00000132_P0532,targeted,improvised,5392,V00,improvised,train,ipc_conversation,extreme:vocab_sitting:lowest_leg_to_torso_ratio_sitting_candidate,"{""avg_fps"": 30.0, ""label_of_pick"": ""improvised"", ""npz_frames_min"": 10500, ""npz_status"": ""ok"", ""pool"": ""v00_pool_signals"", ""render_frames"": 300, ""selector_column"": ""posture_leg_over_torso_p50"", ""selector_value"": 0.6673325446279004, ""targeted_role"": ""vocabulary_extreme"", ""valid_frac_box"": 1.0, ""valid_frac_smplh"": 0.990667, ""video_nb_frames"": 10500, ""vocabulary_term"": ""sitting""}",render
v00_310,targeted_310_V00_S0555_I00000497_P0699_f0002000,V00_S0555_I00000497_P0699,naturalistic/train/0015/0031/V00_S0555_I00000497_P0699,naturalistic/train/0015/0043/V00_S0555_I00000497_P0698,targeted,naturalistic,2000,V00,naturalistic,train,grounded_gesture,extreme:vocab_sitting:knees_least_below_hips_sitting_candidate,"{""avg_fps"": 30.0, ""label_of_pick"": ""naturalistic"", ""npz_frames_min"": 10560, ""npz_status"": ""ok"", ""pool"": ""v00_pool_signals"", ""render_frames"": 300, ""selector_column"": ""posture_knee_drop_over_torso_p50"", ""selector_value"": 0.29504199329249337, ""targeted_role"": ""vocabulary_extreme"", ""valid_frac_box"": 1.0, ""valid_frac_smplh"": 0.993655, ""video_nb_frames"": 10560, ""vocabulary_term"": ""sitting""}",render
v00_311,targeted_311_V00_S0046_I00000138_P0069_f0001949,V00_S0046_I00000138_P0069,naturalistic/train/0000/0013/V00_S0046_I00000138_P0069,naturalistic/train/0000/0003/V00_S0046_I00000138_P0070,targeted,naturalistic,1949,V00,naturalistic,train,ipc_conversation,extreme:vocab_sitting:ankles_least_often_tracked,"{""avg_fps"": 30.0, ""label_of_pick"": ""naturalistic"", ""npz_frames_min"": 4680, ""npz_status"": ""ok"", ""pool"": ""v00_pool_signals"", ""render_frames"": 300, ""selector_column"": ""posture_ankles_usable_frac"", ""selector_value"": 0.6282051282051282, ""targeted_role"": ""vocabulary_extreme"", ""valid_frac_box"": 0.630983, ""valid_frac_smplh"": 0.525855, ""video_nb_frames"": 4679, ""vocabulary_term"": ""sitting""}",render
v00_312,targeted_312_V00_S0053_I00000371_P0083_f0000173,V00_S0053_I00000371_P0083,naturalistic/train/0000/0005/V00_S0053_I00000371_P0083,naturalistic/train/0000/0006/V00_S0053_I00000371_P0082,targeted,naturalistic,173,V00,naturalistic,train,ipc_conversation,extreme:vocab_static_hands:hands_most_static_across_whole_file,"{""avg_fps"": 30.0, ""label_of_pick"": ""naturalistic"", ""npz_frames_min"": 1920, ""npz_status"": ""ok"", ""pool"": ""v00_pool_signals"", ""render_frames"": 300, ""selector_column"": ""hand_activity_static_frac"", ""selector_value"": 1.0, ""targeted_role"": ""vocabulary_extreme"", ""valid_frac_box"": 1.0, ""valid_frac_smplh"": 1.0, ""video_nb_frames"": 1920, ""vocabulary_term"": ""static_hands""}",render
v00_313,targeted_313_V00_S0451_I00000138_P0416_f0001602,V00_S0451_I00000138_P0416,naturalistic/train/0012/0027/V00_S0451_I00000138_P0416,naturalistic/train/0012/0025/V00_S0451_I00000138_P0586,targeted,naturalistic,1602,V00,naturalistic,train,ipc_conversation,extreme:vocab_static_hands:slowest_left_wrist_whole_file,"{""avg_fps"": 30.0, ""label_of_pick"": ""naturalistic"", ""npz_frames_min"": 3120, ""npz_status"": ""ok"", ""pool"": ""v00_pool_signals"", ""render_frames"": 300, ""selector_column"": ""hand_activity_left_speed_sw_per_s_p50"", ""selector_value"": 0.015620084372906386, ""targeted_role"": ""vocabulary_extreme"", ""valid_frac_box"": 1.0, ""valid_frac_smplh"": 1.0, ""video_nb_frames"": 3120, ""vocabulary_term"": ""static_hands""}",render
v00_314,targeted_314_V00_S0045_I00000580_P0067A_f0002007,V00_S0045_I00000580_P0067A,improvised/train/0000/0031/V00_S0045_I00000580_P0067A,improvised/train/0000/0009/V00_S0045_I00000580_P0068,targeted,improvised,2007,V00,improvised,train,ipc_conversation,extreme:vocab_static_hands:left_hand_least_often_above_hips,"{""avg_fps"": 30.0, ""label_of_pick"": ""improvised"", ""npz_frames_min"": 2340, ""npz_status"": ""ok"", ""pool"": ""v00_pool_signals"", ""render_frames"": 300, ""selector_column"": ""hand_activity_left_above_hip_frac"", ""selector_value"": 0.0, ""targeted_role"": ""vocabulary_extreme"", ""valid_frac_box"": 1.0, ""valid_frac_smplh"": 1.0, ""video_nb_frames"": 2340, ""vocabulary_term"": ""static_hands""}",render
v00_315,targeted_315_V00_S0054_I00000580_P0027A_f0002674,V00_S0054_I00000580_P0027A,improvised/train/0000/0001/V00_S0054_I00000580_P0027A,improvised/train/0000/0018/V00_S0054_I00000580_P0084,targeted,improvised,2674,V00,improvised,train,ipc_conversation,extreme:vocab_static_hands:right_hand_least_often_above_hips,"{""avg_fps"": 30.0, ""label_of_pick"": ""improvised"", ""npz_frames_min"": 4260, ""npz_status"": ""ok"", ""pool"": ""v00_pool_signals"", ""render_frames"": 300, ""selector_column"": ""hand_activity_right_above_hip_frac"", ""selector_value"": 0.0, ""targeted_role"": ""vocabulary_extreme"", ""valid_frac_box"": 1.0, ""valid_frac_smplh"": 1.0, ""video_nb_frames"": 4260, ""vocabulary_term"": ""static_hands""}",render
v00_316,targeted_316_V00_S0704_I00000461_P0576_f0004387,V00_S0704_I00000461_P0576,naturalistic/train/0020/0021/V00_S0704_I00000461_P0576,naturalistic/train/0020/0014/V00_S0704_I00000461_P0859A,targeted,naturalistic,4387,V00,naturalistic,train,ipc_conversation,extreme:vocab_static_hands:fastest_left_wrist_whole_file,"{""avg_fps"": 30.0, ""label_of_pick"": ""naturalistic"", ""npz_frames_min"": 5400, ""npz_status"": ""ok"", ""pool"": ""v00_pool_signals"", ""render_frames"": 300, ""selector_column"": ""hand_activity_left_speed_sw_per_s_p95"", ""selector_value"": 4.597690702847233, ""targeted_role"": ""vocabulary_extreme"", ""valid_frac_box"": 1.0, ""valid_frac_smplh"": 0.953704, ""video_nb_frames"": 5400, ""vocabulary_term"": ""static_hands""}",render
v00_317,targeted_317_V00_S0081_I00000386_P0117_f0001114,V00_S0081_I00000386_P0117,naturalistic/train/0001/0016/V00_S0081_I00000386_P0117,naturalistic/train/0001/0040/V00_S0081_I00000386_P0118,targeted,naturalistic,1114,V00,naturalistic,train,ipc_conversation,extreme:vocab_static_hands:least_speech_in_whole_file,"{""avg_fps"": 30.0, ""label_of_pick"": ""naturalistic"", ""npz_frames_min"": 4140, ""npz_status"": ""ok"", ""pool"": ""v00_pool_signals"", ""render_frames"": 300, ""selector_column"": ""file_speaking_frac"", ""selector_value"": 0.0, ""targeted_role"": ""vocabulary_extreme"", ""valid_frac_box"": 1.0, ""valid_frac_smplh"": 1.0, ""video_nb_frames"": 4140, ""vocabulary_term"": ""static_hands""}",render
v00_318,targeted_318_V00_S1170_I00001219_P0869A_f0003970,V00_S1170_I00001219_P0869A,improvised/train/0026/0045/V00_S1170_I00001219_P0869A,improvised/train/0026/0029/V00_S1170_I00001219_P0464A,targeted,improvised,3970,V00,improvised,train,ipc_conversation,extreme:vocab_desync_weak_proxy:weakest_mouth_audio_agreement_among_talkative_files,"{""avg_fps"": 30.0, ""best_av_lag_frames"": -15.0, ""best_av_lag_peak_r"": -0.0018820587628176377, ""file_speaking_frac"": 0.7910495049504906, ""label_of_pick"": ""improvised"", ""npz_frames_min"": 12120, ""npz_status"": ""ok"", ""proxy_status"": ""FAILED_VALIDATION_on_V00_resolution"", ""render_frames"": 300, ""targeted_role"": ""vocabulary_extreme"", ""valid_frac_box"": 1.0, ""valid_frac_smplh"": 1.0, ""video_nb_frames"": 12120, ""vocabulary_term"": ""desync_lag""}",render
v00_319,targeted_319_V00_S0898_I00000375_P1001_f0007000,V00_S0898_I00000375_P1001,improvised/train/0019/0030/V00_S0898_I00000375_P1001,improvised/train/0019/0024/V00_S0898_I00000375_P0658A,targeted,improvised,7000,V00,improvised,train,ipc_conversation,extreme:vocab_desync_weak_proxy:strongest_mouth_audio_agreement_among_talkative_files,"{""avg_fps"": 30.0, ""best_av_lag_frames"": -2.0, ""best_av_lag_peak_r"": 0.9108298013965709, ""file_speaking_frac"": 0.4710068965517253, ""label_of_pick"": ""improvised"", ""npz_frames_min"": 8700, ""npz_status"": ""ok"", ""proxy_status"": ""FAILED_VALIDATION_on_V00_resolution"", ""render_frames"": 300, ""targeted_role"": ""vocabulary_extreme"", ""valid_frac_box"": 1.0, ""valid_frac_smplh"": 0.983563, ""video_nb_frames"": 8700, ""vocabulary_term"": ""desync_lag""}",render
v00_320,targeted_320_V00_S1318_I00001110_P0437A_f0002922,V00_S1318_I00001110_P0437A,improvised/train/0030/0011/V00_S1318_I00001110_P0437A,improvised/train/0030/0063/V00_S1318_I00001110_P1094A,targeted,improvised,2922,V00,improvised,train,ipc_conversation,extreme:vocab_desync_container:largest_within_interaction_duration_spread,"{""avg_fps"": 30.0, ""evidence_level"": ""container_level_only_not_within_file_drift"", ""member_spread_s"": 0.043, ""npz_frames_min"": 7969, ""npz_status"": ""ok"", ""render_frames"": 300, ""targeted_role"": ""vocabulary_extreme"", ""valid_frac_box"": 0.993977, ""valid_frac_smplh"": 0.98055, ""video_nb_frames"": 7969, ""vocabulary_term"": ""desync_lag""}",render
v00_321,targeted_321_V00_S0369_I00000510_P0024_f0001185,V00_S0369_I00000510_P0024,naturalistic/train/0009/0008/V00_S0369_I00000510_P0024,naturalistic/train/0009/0018/V00_S0369_I00000510_P0491,targeted,naturalistic,1185,V00,naturalistic,train,ipc_conversation,extreme:vocab_desync_container:largest_video_versus_embedded_audio_duration_gap,"{""abs_duration_gap_s"": 0.0007, ""avg_fps"": 30.0, ""evidence_level"": ""container_level_only_not_within_file_drift"", ""npz_frames_min"": 2636, ""npz_status"": ""ok"", ""render_frames"": 300, ""targeted_role"": ""vocabulary_extreme"", ""valid_frac_box"": 0.948027, ""valid_frac_smplh"": 0.932473, ""video_nb_frames"": 2636, ""vocabulary_term"": ""desync_lag""}",render
v00_322,targeted_322_V00_S0648_I00000545_P0801_f0002919,V00_S0648_I00000545_P0801,improvised/dev/0000/0041/V00_S0648_I00000545_P0801,improvised/dev/0000/0034/V00_S0648_I00000545_P0299A,targeted,improvised,2919,V00,improvised,dev,ipc_conversation,extreme:session1_v00_highest_wrist_speed_p90,"{""avg_fps"": 30.0, ""npz_frames_min"": 5640, ""npz_status"": ""ok"", ""render_frames"": 300, ""session1_metric"": ""wrist_max"", ""session1_value"": 226.05224172036102, ""targeted_role"": ""session1_extreme"", ""valid_frac_box"": 1.0, ""valid_frac_smplh"": 0.97039, ""video_nb_frames"": 5640}",render
v00_323,targeted_323_V00_S0700_I00000132_P0852_f0003468,V00_S0700_I00000132_P0852,improvised/dev/0000/0013/V00_S0700_I00000132_P0852,improvised/dev/0000/0027/V00_S0700_I00000132_P0844A,targeted,improvised,3468,V00,improvised,dev,ipc_conversation,extreme:session1_v00_lowest_wrist_speed_p90,"{""avg_fps"": 30.0, ""npz_frames_min"": 10200, ""npz_status"": ""ok"", ""render_frames"": 300, ""session1_metric"": ""wrist_min"", ""session1_value"": 0.5889299977377387, ""targeted_role"": ""session1_extreme"", ""valid_frac_box"": 1.0, ""valid_frac_smplh"": 1.0, ""video_nb_frames"": 10200}",render
v00_324,targeted_324_V00_S0080_I00000372_P0115_f0003164,V00_S0080_I00000372_P0115,naturalistic/dev/0000/0020/V00_S0080_I00000372_P0115,naturalistic/dev/0000/0015/V00_S0080_I00000372_P0116,targeted,naturalistic,3164,V00,naturalistic,dev,ipc_conversation,extreme:session1_v00_largest_duration_mismatch,"{""avg_fps"": 30.0, ""npz_frames_min"": 4800, ""npz_status"": ""ok"", ""render_frames"": 300, ""session1_metric"": ""mismatch_max"", ""session1_value"": 0.0, ""targeted_role"": ""session1_extreme"", ""valid_frac_box"": 1.0, ""valid_frac_smplh"": 1.0, ""video_nb_frames"": 4800}",render
v00_325,targeted_325_V00_S0152_I00000383_P0217_f0002921,V00_S0152_I00000383_P0217,naturalistic/dev/0000/0011/V00_S0152_I00000383_P0217,naturalistic/dev/0000/0028/V00_S0152_I00000383_P0216,targeted,naturalistic,2921,V00,naturalistic,dev,ipc_conversation,extreme:session1_v00_lowest_window_validity,"{""avg_fps"": 30.0, ""npz_frames_min"": 4080, ""npz_status"": ""ok"", ""render_frames"": 300, ""session1_metric"": ""valid_min"", ""session1_value"": 0.0, ""targeted_role"": ""session1_extreme"", ""valid_frac_box"": 1.0, ""valid_frac_smplh"": 1.0, ""video_nb_frames"": 4080}",render
v00_326,targeted_326_V00_S0644_I00000770_P0799_f0000000,V00_S0644_I00000770_P0799,improvised/dev/0000/0023/V00_S0644_I00000770_P0799,improvised/dev/0000/0031/V00_S0644_I00000770_P0299A,targeted,improvised,0,V00,improvised,dev,ipc_conversation,extreme:session1_v00_longest_smplh_invalid_run,"{""avg_fps"": 30.0, ""mask"": ""smplh"", ""npz_frames_min"": 5700, ""npz_status"": ""ok"", ""render_frames"": 300, ""run_length_frames"": 903, ""targeted_role"": ""session1_extreme"", ""valid_frac_box"": 1.0, ""valid_frac_smplh"": 0.642281, ""video_nb_frames"": 5700}",render
v00_327,targeted_327_V00_S2089_I00001163_P1281A_f0000000,V00_S2089_I00001163_P1281A,improvised/dev/0000/0014/V00_S2089_I00001163_P1281A,improvised/dev/0000/0037/V00_S2089_I00001163_P1346A,targeted,improvised,0,V00,improvised,dev,ipc_conversation,extreme:session1_v00_longest_movement_invalid_run,"{""avg_fps"": 30.0, ""mask"": ""movement"", ""npz_frames_min"": 6780, ""npz_status"": ""ok"", ""render_frames"": 300, ""run_length_frames"": 6780, ""targeted_role"": ""session1_extreme"", ""valid_frac_box"": 1.0, ""valid_frac_smplh"": 1.0, ""video_nb_frames"": 6780}",render
v00_328,targeted_328_V00_S0055_I00000135_P0029A_f0000890,V00_S0055_I00000135_P0029A,improvised/train/0000/0023/V00_S0055_I00000135_P0029A,improvised/train/0000/0010/V00_S0055_I00000135_P0085,targeted,improvised,890,V00,improvised,train,collaborative_storytelling,stratified_fill:improvised|collaborative_storytelling,"{""avg_fps"": 30.0, ""npz_frames_min"": 2220, ""npz_status"": ""ok"", ""render_frames"": 300, ""stratum"": ""improvised|collaborative_storytelling"", ""targeted_role"": ""stratified_fill"", ""valid_frac_box"": 1.0, ""valid_frac_smplh"": 1.0, ""video_nb_frames"": 2220}",render
v00_329,targeted_329_V00_S0236_I00000520_P0323_f0002238,V00_S0236_I00000520_P0323,improvised/train/0005/0023/V00_S0236_I00000520_P0323,improvised/train/0005/0010/V00_S0236_I00000520_P0027A,targeted,improvised,2238,V00,improvised,train,grounded_gesture,stratified_fill:improvised|grounded_gesture,"{""avg_fps"": 30.0, ""npz_frames_min"": 8880, ""npz_status"": ""ok"", ""render_frames"": 300, ""stratum"": ""improvised|grounded_gesture"", ""targeted_role"": ""stratified_fill"", ""valid_frac_box"": 1.0, ""valid_frac_smplh"": 0.978153, ""video_nb_frames"": 8880}",render
v00_330,targeted_330_V00_S1283_I00001186_P0002A_f0002062,V00_S1283_I00001186_P0002A,improvised/train/0029/0041/V00_S1283_I00001186_P0002A,improvised/train/0029/0044/V00_S1283_I00001186_P1100A,targeted,improvised,2062,V00,improvised,train,ipc_conversation,stratified_fill:improvised|ipc_conversation,"{""avg_fps"": 30.0, ""npz_frames_min"": 9540, ""npz_status"": ""ok"", ""render_frames"": 300, ""stratum"": ""improvised|ipc_conversation"", ""targeted_role"": ""stratified_fill"", ""valid_frac_box"": 1.0, ""valid_frac_smplh"": 1.0, ""video_nb_frames"": 9540}",render
v00_331,targeted_331_V00_S0361_I00000135_P0377_f0003690,V00_S0361_I00000135_P0377,naturalistic/train/0009/0044/V00_S0361_I00000135_P0377,naturalistic/train/0009/0000/V00_S0361_I00000135_P0298,targeted,naturalistic,3690,V00,naturalistic,train,collaborative_storytelling,stratified_fill:naturalistic|collaborative_storytelling,"{""avg_fps"": 30.0, ""npz_frames_min"": 5520, ""npz_status"": ""ok"", ""render_frames"": 300, ""stratum"": ""naturalistic|collaborative_storytelling"", ""targeted_role"": ""stratified_fill"", ""valid_frac_box"": 1.0, ""valid_frac_smplh"": 1.0, ""video_nb_frames"": 5520}",render
v00_332,targeted_332_V00_S1899_I00000516_P0582_f0002409,V00_S1899_I00000516_P0582,naturalistic/train/0030/0023/V00_S1899_I00000516_P0582,naturalistic/train/0030/0038/V00_S1899_I00000516_P1206,targeted,naturalistic,2409,V00,naturalistic,train,grounded_gesture,stratified_fill:naturalistic|grounded_gesture,"{""avg_fps"": 30.0, ""npz_frames_min"": 4800, ""npz_status"": ""ok"", ""render_frames"": 300, ""stratum"": ""naturalistic|grounded_gesture"", ""targeted_role"": ""stratified_fill"", ""valid_frac_box"": 1.0, ""valid_frac_smplh"": 1.0, ""video_nb_frames"": 4800}",render
v00_333,targeted_333_V00_S0142_I00000514_P0204_f0004104,V00_S0142_I00000514_P0204,naturalistic/train/0002/0015/V00_S0142_I00000514_P0204,naturalistic/train/0002/0034/V00_S0142_I00000514_P0042,targeted,naturalistic,4104,V00,naturalistic,train,ipc_conversation,stratified_fill:naturalistic|ipc_conversation,"{""avg_fps"": 30.0, ""npz_frames_min"": 6180, ""npz_status"": ""ok"", ""render_frames"": 300, ""stratum"": ""naturalistic|ipc_conversation"", ""targeted_role"": ""stratified_fill"", ""valid_frac_box"": 1.0, ""valid_frac_smplh"": 1.0, ""video_nb_frames"": 6180}",render
v00_334,targeted_334_V00_S0172_I00000135_P0012_f0001873,V00_S0172_I00000135_P0012,improvised/train/0004/0040/V00_S0172_I00000135_P0012,improvised/train/0004/0010/V00_S0172_I00000135_P0027A,targeted,improvised,1873,V00,improvised,train,collaborative_storytelling,stratified_fill:improvised|collaborative_storytelling,"{""avg_fps"": 30.0, ""npz_frames_min"": 3720, ""npz_status"": ""ok"", ""render_frames"": 300, ""stratum"": ""improvised|collaborative_storytelling"", ""targeted_role"": ""stratified_fill"", ""valid_frac_box"": 1.0, ""valid_frac_smplh"": 0.999462, ""video_nb_frames"": 3720}",render
v00_335,targeted_335_V00_S0706_I00000520_P0861_f0006082,V00_S0706_I00000520_P0861,improvised/train/0014/0011/V00_S0706_I00000520_P0861,improvised/train/0014/0031/V00_S0706_I00000520_P0012A,targeted,improvised,6082,V00,improvised,train,grounded_gesture,stratified_fill:improvised|grounded_gesture,"{""avg_fps"": 30.0, ""npz_frames_min"": 9900, ""npz_status"": ""ok"", ""render_frames"": 300, ""stratum"": ""improvised|grounded_gesture"", ""targeted_role"": ""stratified_fill"", ""valid_frac_box"": 1.0, ""valid_frac_smplh"": 0.972525, ""video_nb_frames"": 9900}",render
v00_336,targeted_336_V00_S0041_I00000373_P0063_f0000377,V00_S0041_I00000373_P0063,improvised/train/0000/0034/V00_S0041_I00000373_P0063,improvised/train/0000/0036/V00_S0041_I00000373_P0040A,targeted,improvised,377,V00,improvised,train,ipc_conversation,stratified_fill:improvised|ipc_conversation,"{""avg_fps"": 30.0, ""npz_frames_min"": 6000, ""npz_status"": ""ok"", ""render_frames"": 300, ""stratum"": ""improvised|ipc_conversation"", ""targeted_role"": ""stratified_fill"", ""valid_frac_box"": 1.0, ""valid_frac_smplh"": 0.981667, ""video_nb_frames"": 6000}",render
v00_337,targeted_337_V00_S0274_I00000135_P0371_f0001234,V00_S0274_I00000135_P0371,naturalistic/dev/0000/0038/V00_S0274_I00000135_P0371,naturalistic/dev/0000/0040/V00_S0274_I00000135_P0370,targeted,naturalistic,1234,V00,naturalistic,dev,collaborative_storytelling,stratified_fill:naturalistic|collaborative_storytelling,"{""avg_fps"": 30.0, ""npz_frames_min"": 5160, ""npz_status"": ""ok"", ""render_frames"": 300, ""stratum"": ""naturalistic|collaborative_storytelling"", ""targeted_role"": ""stratified_fill"", ""valid_frac_box"": 1.0, ""valid_frac_smplh"": 1.0, ""video_nb_frames"": 5160}",render
v00_338,targeted_338_V00_S0468_I00000503_P0604_f0011010,V00_S0468_I00000503_P0604,naturalistic/train/0012/0016/V00_S0468_I00000503_P0604,naturalistic/train/0012/0038/V00_S0468_I00000503_P0603,targeted,naturalistic,11010,V00,naturalistic,train,grounded_gesture,stratified_fill:naturalistic|grounded_gesture,"{""avg_fps"": 30.0, ""npz_frames_min"": 11760, ""npz_status"": ""ok"", ""render_frames"": 300, ""stratum"": ""naturalistic|grounded_gesture"", ""targeted_role"": ""stratified_fill"", ""valid_frac_box"": 1.0, ""valid_frac_smplh"": 0.983759, ""video_nb_frames"": 11760}",render
v00_339,targeted_339_V00_S0339_I00000477_P0439_f0003887,V00_S0339_I00000477_P0439,naturalistic/train/0008/0007/V00_S0339_I00000477_P0439,naturalistic/train/0008/0011/V00_S0339_I00000477_P0150A,targeted,naturalistic,3887,V00,naturalistic,train,ipc_conversation,stratified_fill:naturalistic|ipc_conversation,"{""avg_fps"": 30.0, ""npz_frames_min"": 6840, ""npz_status"": ""ok"", ""render_frames"": 300, ""stratum"": ""naturalistic|ipc_conversation"", ""targeted_role"": ""stratified_fill"", ""valid_frac_box"": 1.0, ""valid_frac_smplh"": 0.996345, ""video_nb_frames"": 6840}",render
v00_340,targeted_340_V00_S0332_I00000135_P0040A_f0004376,V00_S0332_I00000135_P0040A,improvised/train/0007/0027/V00_S0332_I00000135_P0040A,improvised/train/0007/0018/V00_S0332_I00000135_P0448,targeted,improvised,4376,V00,improvised,train,collaborative_storytelling,stratified_fill:improvised|collaborative_storytelling,"{""avg_fps"": 30.0, ""npz_frames_min"": 6420, ""npz_status"": ""ok"", ""render_frames"": 300, ""stratum"": ""improvised|collaborative_storytelling"", ""targeted_role"": ""stratified_fill"", ""valid_frac_box"": 1.0, ""valid_frac_smplh"": 0.966978, ""video_nb_frames"": 6420}",render
v00_341,targeted_341_V00_S0259_I00000497_P0085A_f0003200,V00_S0259_I00000497_P0085A,improvised/train/0006/0019/V00_S0259_I00000497_P0085A,improvised/train/0006/0031/V00_S0259_I00000497_P0050,targeted,improvised,3200,V00,improvised,train,grounded_gesture,stratified_fill:improvised|grounded_gesture,"{""avg_fps"": 30.0, ""npz_frames_min"": 6420, ""npz_status"": ""ok"", ""render_frames"": 300, ""stratum"": ""improvised|grounded_gesture"", ""targeted_role"": ""stratified_fill"", ""valid_frac_box"": 1.0, ""valid_frac_smplh"": 1.0, ""video_nb_frames"": 6420}",render
v00_342,targeted_342_V00_S1519_I00000639_P0744A_f0002639,V00_S1519_I00000639_P0744A,improvised/train/0036/0049/V00_S1519_I00000639_P0744A,improvised/train/0036/0016/V00_S1519_I00000639_P0933A,targeted,improvised,2639,V00,improvised,train,ipc_conversation,stratified_fill:improvised|ipc_conversation,"{""avg_fps"": 30.0, ""npz_frames_min"": 7980, ""npz_status"": ""ok"", ""render_frames"": 300, ""stratum"": ""improvised|ipc_conversation"", ""targeted_role"": ""stratified_fill"", ""valid_frac_box"": 1.0, ""valid_frac_smplh"": 0.998872, ""video_nb_frames"": 7980}",render
v00_343,targeted_343_V00_S0657_I00000135_P0816_f0004951,V00_S0657_I00000135_P0816,naturalistic/train/0019/0009/V00_S0657_I00000135_P0816,naturalistic/train/0019/0027/V00_S0657_I00000135_P0815,targeted,naturalistic,4951,V00,naturalistic,train,collaborative_storytelling,stratified_fill:naturalistic|collaborative_storytelling,"{""avg_fps"": 30.0, ""npz_frames_min"": 6360, ""npz_status"": ""ok"", ""render_frames"": 300, ""stratum"": ""naturalistic|collaborative_storytelling"", ""targeted_role"": ""stratified_fill"", ""valid_frac_box"": 1.0, ""valid_frac_smplh"": 0.998899, ""video_nb_frames"": 6360}",render
v00_344,targeted_344_V00_S0532_I00000497_P0679_f0007593,V00_S0532_I00000497_P0679,naturalistic/train/0014/0016/V00_S0532_I00000497_P0679,naturalistic/train/0014/0017/V00_S0532_I00000497_P0557,targeted,naturalistic,7593,V00,naturalistic,train,grounded_gesture,stratified_fill:naturalistic|grounded_gesture,"{""avg_fps"": 30.0, ""npz_frames_min"": 9780, ""npz_status"": ""ok"", ""render_frames"": 300, ""stratum"": ""naturalistic|grounded_gesture"", ""targeted_role"": ""stratified_fill"", ""valid_frac_box"": 1.0, ""valid_frac_smplh"": 0.970041, ""video_nb_frames"": 9780}",render
v00_345,targeted_345_V00_S0580_I00000375_P0558_f0001964,V00_S0580_I00000375_P0558,naturalistic/train/0016/0023/V00_S0580_I00000375_P0558,naturalistic/train/0016/0040/V00_S0580_I00000375_P0477,targeted,naturalistic,1964,V00,naturalistic,train,ipc_conversation,stratified_fill:naturalistic|ipc_conversation,"{""avg_fps"": 30.0, ""npz_frames_min"": 6240, ""npz_status"": ""ok"", ""render_frames"": 300, ""stratum"": ""naturalistic|ipc_conversation"", ""targeted_role"": ""stratified_fill"", ""valid_frac_box"": 1.0, ""valid_frac_smplh"": 1.0, ""video_nb_frames"": 6240}",render
v00_346,targeted_346_V00_S0480_I00000135_P0074_f0001995,V00_S0480_I00000135_P0074,improvised/train/0010/0038/V00_S0480_I00000135_P0074,improvised/train/0010/0038/V00_S0480_I00000135_P0262A,targeted,improvised,1995,V00,improvised,train,collaborative_storytelling,stratified_fill:improvised|collaborative_storytelling,"{""avg_fps"": 30.0, ""npz_frames_min"": 5940, ""npz_status"": ""ok"", ""render_frames"": 300, ""stratum"": ""improvised|collaborative_storytelling"", ""targeted_role"": ""stratified_fill"", ""valid_frac_box"": 1.0, ""valid_frac_smplh"": 0.974074, ""video_nb_frames"": 5940}",render
v00_347,targeted_347_V00_S0832_I00000785_P0964_f0000553,V00_S0832_I00000785_P0964,improvised/train/0016/0036/V00_S0832_I00000785_P0964,improvised/train/0016/0043/V00_S0832_I00000785_P0026A,targeted,improvised,553,V00,improvised,train,grounded_gesture,stratified_fill:improvised|grounded_gesture,"{""avg_fps"": 30.0, ""npz_frames_min"": 7020, ""npz_status"": ""ok"", ""render_frames"": 300, ""stratum"": ""improvised|grounded_gesture"", ""targeted_role"": ""stratified_fill"", ""valid_frac_box"": 1.0, ""valid_frac_smplh"": 0.90755, ""video_nb_frames"": 7020}",render
v00_348,targeted_348_V00_S0651_I00000126_P0323A_f0004316,V00_S0651_I00000126_P0323A,improvised/train/0012/0006/V00_S0651_I00000126_P0323A,improvised/train/0012/0036/V00_S0651_I00000126_P0506,targeted,improvised,4316,V00,improvised,train,ipc_conversation,stratified_fill:improvised|ipc_conversation,"{""avg_fps"": 30.0, ""npz_frames_min"": 5880, ""npz_status"": ""ok"", ""render_frames"": 300, ""stratum"": ""improvised|ipc_conversation"", ""targeted_role"": ""stratified_fill"", ""valid_frac_box"": 1.0, ""valid_frac_smplh"": 0.995068, ""video_nb_frames"": 5880}",render
v00_349,targeted_349_V00_S0724_I00000135_P0358_f0002292,V00_S0724_I00000135_P0358,naturalistic/train/0020/0041/V00_S0724_I00000135_P0358,naturalistic/train/0020/0020/V00_S0724_I00000135_P0871,targeted,naturalistic,2292,V00,naturalistic,train,collaborative_storytelling,stratified_fill:naturalistic|collaborative_storytelling,"{""avg_fps"": 30.0, ""npz_frames_min"": 4320, ""npz_status"": ""ok"", ""render_frames"": 300, ""stratum"": ""naturalistic|collaborative_storytelling"", ""targeted_role"": ""stratified_fill"", ""valid_frac_box"": 1.0, ""valid_frac_smplh"": 0.999769, ""video_nb_frames"": 4320}",render
v00_350,targeted_350_V00_S1823_I00000602_P0115_f0001815,V00_S1823_I00000602_P0115,naturalistic/dev/0001/0039/V00_S1823_I00000602_P0115,naturalistic/dev/0001/0010/V00_S1823_I00000602_P1174,targeted,naturalistic,1815,V00,naturalistic,dev,grounded_gesture,stratified_fill:naturalistic|grounded_gesture,"{""avg_fps"": 30.0, ""npz_frames_min"": 4200, ""npz_status"": ""ok"", ""render_frames"": 300, ""stratum"": ""naturalistic|grounded_gesture"", ""targeted_role"": ""stratified_fill"", ""valid_frac_box"": 1.0, ""valid_frac_smplh"": 0.950952, ""video_nb_frames"": 4200}",render
v00_351,targeted_351_V00_S0662_I00000514_P0565_f0004586,V00_S0662_I00000514_P0565,naturalistic/train/0019/0024/V00_S0662_I00000514_P0565,naturalistic/train/0019/0035/V00_S0662_I00000514_P0820,targeted,naturalistic,4586,V00,naturalistic,train,ipc_conversation,stratified_fill:naturalistic|ipc_conversation,"{""avg_fps"": 30.0, ""npz_frames_min"": 6780, ""npz_status"": ""ok"", ""render_frames"": 300, ""stratum"": ""naturalistic|ipc_conversation"", ""targeted_role"": ""stratified_fill"", ""valid_frac_box"": 1.0, ""valid_frac_smplh"": 1.0, ""video_nb_frames"": 6780}",render
v00_352,targeted_352_V00_S0190_I00000135_P0150A_f0003046,V00_S0190_I00000135_P0150A,improvised/train/0004/0001/V00_S0190_I00000135_P0150A,improvised/train/0004/0018/V00_S0190_I00000135_P0262,targeted,improvised,3046,V00,improvised,train,collaborative_storytelling,stratified_fill:improvised|collaborative_storytelling,"{""avg_fps"": 30.0, ""npz_frames_min"": 4500, ""npz_status"": ""ok"", ""render_frames"": 300, ""stratum"": ""improvised|collaborative_storytelling"", ""targeted_role"": ""stratified_fill"", ""valid_frac_box"": 1.0, ""valid_frac_smplh"": 1.0, ""video_nb_frames"": 4500}",render
v00_353,targeted_353_V00_S1138_I00000601_P0728_f0011761,V00_S1138_I00000601_P0728,improvised/train/0025/0038/V00_S1138_I00000601_P0728,improvised/train/0025/0032/V00_S1138_I00000601_P0437A,targeted,improvised,11761,V00,improvised,train,grounded_gesture,stratified_fill:improvised|grounded_gesture,"{""avg_fps"": 30.0, ""npz_frames_min"": 13020, ""npz_status"": ""ok"", ""render_frames"": 300, ""stratum"": ""improvised|grounded_gesture"", ""targeted_role"": ""stratified_fill"", ""valid_frac_box"": 1.0, ""valid_frac_smplh"": 0.984793, ""video_nb_frames"": 13020}",render
v00_354,targeted_354_V00_S1087_I00001054_P0921A_f0005356,V00_S1087_I00001054_P0921A,improvised/train/0023/0012/V00_S1087_I00001054_P0921A,improvised/train/0023/0016/V00_S1087_I00001054_P0557A,targeted,improvised,5356,V00,improvised,train,ipc_conversation,stratified_fill:improvised|ipc_conversation,"{""avg_fps"": 30.0, ""npz_frames_min"": 6780, ""npz_status"": ""ok"", ""render_frames"": 300, ""stratum"": ""improvised|ipc_conversation"", ""targeted_role"": ""stratified_fill"", ""valid_frac_box"": 1.0, ""valid_frac_smplh"": 0.990855, ""video_nb_frames"": 6780}",render
v00_355,targeted_355_V00_S0388_I00000135_P0515_f0006520,V00_S0388_I00000135_P0515,naturalistic/train/0010/0029/V00_S0388_I00000135_P0515,naturalistic/train/0010/0000/V00_S0388_I00000135_P0514,targeted,naturalistic,6520,V00,naturalistic,train,collaborative_storytelling,stratified_fill:naturalistic|collaborative_storytelling,"{""avg_fps"": 30.0, ""npz_frames_min"": 7380, ""npz_status"": ""ok"", ""render_frames"": 300, ""stratum"": ""naturalistic|collaborative_storytelling"", ""targeted_role"": ""stratified_fill"", ""valid_frac_box"": 1.0, ""valid_frac_smplh"": 0.994173, ""video_nb_frames"": 7380}",render
v00_356,targeted_356_V00_S1359_I00000516_P0300_f0002086,V00_S1359_I00000516_P0300,naturalistic/train/0027/0045/V00_S1359_I00000516_P0300,naturalistic/train/0027/0049/V00_S1359_I00000516_P0625,targeted,naturalistic,2086,V00,naturalistic,train,grounded_gesture,stratified_fill:naturalistic|grounded_gesture,"{""avg_fps"": 30.0, ""npz_frames_min"": 7680, ""npz_status"": ""ok"", ""render_frames"": 300, ""stratum"": ""naturalistic|grounded_gesture"", ""targeted_role"": ""stratified_fill"", ""valid_frac_box"": 1.0, ""valid_frac_smplh"": 0.996745, ""video_nb_frames"": 7680}",render
v00_357,targeted_357_V00_S0510_I00000126_P0648_f0003885,V00_S0510_I00000126_P0648,naturalistic/train/0014/0031/V00_S0510_I00000126_P0648,naturalistic/train/0014/0014/V00_S0510_I00000126_P0646,targeted,naturalistic,3885,V00,naturalistic,train,ipc_conversation,stratified_fill:naturalistic|ipc_conversation,"{""avg_fps"": 30.0, ""npz_frames_min"": 7320, ""npz_status"": ""ok"", ""render_frames"": 300, ""stratum"": ""naturalistic|ipc_conversation"", ""targeted_role"": ""stratified_fill"", ""valid_frac_box"": 1.0, ""valid_frac_smplh"": 0.99877, ""video_nb_frames"": 7320}",render
v00_358,targeted_358_V00_S0164_I00000135_P0027A_f0000195,V00_S0164_I00000135_P0027A,improvised/train/0003/0023/V00_S0164_I00000135_P0027A,improvised/train/0003/0026/V00_S0164_I00000135_P0234,targeted,improvised,195,V00,improvised,train,collaborative_storytelling,stratified_fill:improvised|collaborative_storytelling,"{""avg_fps"": 30.0, ""npz_frames_min"": 5460, ""npz_status"": ""ok"", ""render_frames"": 300, ""stratum"": ""improvised|collaborative_storytelling"", ""targeted_role"": ""stratified_fill"", ""valid_frac_box"": 1.0, ""valid_frac_smplh"": 0.965385, ""video_nb_frames"": 5460}",render
v00_359,targeted_359_V00_S0879_I00000520_P0921A_f0003483,V00_S0879_I00000520_P0921A,improvised/train/0018/0005/V00_S0879_I00000520_P0921A,improvised/train/0018/0025/V00_S0879_I00000520_P0377,targeted,improvised,3483,V00,improvised,train,grounded_gesture,stratified_fill:improvised|grounded_gesture,"{""avg_fps"": 30.0, ""npz_frames_min"": 4920, ""npz_status"": ""ok"", ""render_frames"": 300, ""stratum"": ""improvised|grounded_gesture"", ""targeted_role"": ""stratified_fill"", ""valid_frac_box"": 1.0, ""valid_frac_smplh"": 0.99939, ""video_nb_frames"": 4920}",render
v00_360,targeted_360_V00_S1701_I00001004_P0974A_f0007900,V00_S1701_I00001004_P0974A,improvised/train/0041/0028/V00_S1701_I00001004_P0974A,improvised/train/0041/0009/V00_S1701_I00001004_P0933A,targeted,improvised,7900,V00,improvised,train,ipc_conversation,stratified_fill:improvised|ipc_conversation,"{""avg_fps"": 30.0, ""npz_frames_min"": 8580, ""npz_status"": ""ok"", ""render_frames"": 300, ""stratum"": ""improvised|ipc_conversation"", ""targeted_role"": ""stratified_fill"", ""valid_frac_box"": 1.0, ""valid_frac_smplh"": 0.948019, ""video_nb_frames"": 8580}",render
v00_361,targeted_361_V00_S0065_I00000135_P0098_f0001336,V00_S0065_I00000135_P0098,naturalistic/train/0001/0007/V00_S0065_I00000135_P0098,naturalistic/train/0001/0012/V00_S0065_I00000135_P0097,targeted,naturalistic,1336,V00,naturalistic,train,collaborative_storytelling,stratified_fill:naturalistic|collaborative_storytelling,"{""avg_fps"": 30.0, ""npz_frames_min"": 4620, ""npz_status"": ""ok"", ""render_frames"": 300, ""stratum"": ""naturalistic|collaborative_storytelling"", ""targeted_role"": ""stratified_fill"", ""valid_frac_box"": 1.0, ""valid_frac_smplh"": 0.991342, ""video_nb_frames"": 4620}",render
v00_362,targeted_362_V00_S0458_I00000497_P0590_f0002615,V00_S0458_I00000497_P0590,naturalistic/train/0012/0026/V00_S0458_I00000497_P0590,naturalistic/train/0012/0004/V00_S0458_I00000497_P0591,targeted,naturalistic,2615,V00,naturalistic,train,grounded_gesture,stratified_fill:naturalistic|grounded_gesture,"{""avg_fps"": 30.0, ""npz_frames_min"": 9780, ""npz_status"": ""ok"", ""render_frames"": 300, ""stratum"": ""naturalistic|grounded_gesture"", ""targeted_role"": ""stratified_fill"", ""valid_frac_box"": 1.0, ""valid_frac_smplh"": 1.0, ""video_nb_frames"": 9780}",render
v00_363,targeted_363_V00_S0933_I00000374_P1026_f0001683,V00_S0933_I00000374_P1026,naturalistic/train/0024/0004/V00_S0933_I00000374_P1026,naturalistic/train/0024/0026/V00_S0933_I00000374_P0144,targeted,naturalistic,1683,V00,naturalistic,train,ipc_conversation,stratified_fill:naturalistic|ipc_conversation,"{""avg_fps"": 30.0, ""npz_frames_min"": 7260, ""npz_status"": ""ok"", ""render_frames"": 300, ""stratum"": ""naturalistic|ipc_conversation"", ""targeted_role"": ""stratified_fill"", ""valid_frac_box"": 1.0, ""valid_frac_smplh"": 1.0, ""video_nb_frames"": 7260}",render
v00_364,targeted_364_V00_S1978_I00001008_P1104A_f0000220,V00_S1978_I00001008_P1104A,improvised/train/0048/0006/V00_S1978_I00001008_P1104A,improvised/train/0048/0018/V00_S1978_I00001008_P1147A,targeted,improvised,220,V00,improvised,train,collaborative_storytelling,stratified_fill:improvised|collaborative_storytelling,"{""avg_fps"": 30.0, ""npz_frames_min"": 4260, ""npz_status"": ""ok"", ""render_frames"": 300, ""stratum"": ""improvised|collaborative_storytelling"", ""targeted_role"": ""stratified_fill"", ""valid_frac_box"": 1.0, ""valid_frac_smplh"": 0.997183, ""video_nb_frames"": 4260}",render
v00_365,targeted_365_V00_S0367_I00000520_P0490_f0007207,V00_S0367_I00000520_P0490,improvised/train/0008/0019/V00_S0367_I00000520_P0490,improvised/train/0008/0031/V00_S0367_I00000520_P0026A,targeted,improvised,7207,V00,improvised,train,grounded_gesture,stratified_fill:improvised|grounded_gesture,"{""avg_fps"": 30.0, ""npz_frames_min"": 7980, ""npz_status"": ""ok"", ""render_frames"": 300, ""stratum"": ""improvised|grounded_gesture"", ""targeted_role"": ""stratified_fill"", ""valid_frac_box"": 1.0, ""valid_frac_smplh"": 0.892356, ""video_nb_frames"": 7980}",render
v00_366,targeted_366_V00_S1520_I00001143_P0320A_f0008012,V00_S1520_I00001143_P0320A,improvised/train/0036/0037/V00_S1520_I00001143_P0320A,improvised/train/0036/0012/V00_S1520_I00001143_P0120A,targeted,improvised,8012,V00,improvised,train,ipc_conversation,stratified_fill:improvised|ipc_conversation,"{""avg_fps"": 30.0, ""npz_frames_min"": 9540, ""npz_status"": ""ok"", ""render_frames"": 300, ""stratum"": ""improvised|ipc_conversation"", ""targeted_role"": ""stratified_fill"", ""valid_frac_box"": 1.0, ""valid_frac_smplh"": 1.0, ""video_nb_frames"": 9540}",render
v00_367,targeted_367_V00_S0319_I00000135_P0433_f0003269,V00_S0319_I00000135_P0433,naturalistic/train/0008/0020/V00_S0319_I00000135_P0433,naturalistic/train/0008/0037/V00_S0319_I00000135_P0431,targeted,naturalistic,3269,V00,naturalistic,train,collaborative_storytelling,stratified_fill:naturalistic|collaborative_storytelling,"{""avg_fps"": 30.0, ""npz_frames_min"": 5580, ""npz_status"": ""ok"", ""render_frames"": 300, ""stratum"": ""naturalistic|collaborative_storytelling"", ""targeted_role"": ""stratified_fill"", ""valid_frac_box"": 1.0, ""valid_frac_smplh"": 0.999642, ""video_nb_frames"": 5580}",render
v00_368,targeted_368_V00_S0325_I00000497_P0440_f0001277,V00_S0325_I00000497_P0440,naturalistic/train/0008/0000/V00_S0325_I00000497_P0440,naturalistic/train/0008/0000/V00_S0325_I00000497_P0441,targeted,naturalistic,1277,V00,naturalistic,train,grounded_gesture,stratified_fill:naturalistic|grounded_gesture,"{""avg_fps"": 30.0, ""npz_frames_min"": 5640, ""npz_status"": ""ok"", ""render_frames"": 300, ""stratum"": ""naturalistic|grounded_gesture"", ""targeted_role"": ""stratified_fill"", ""valid_frac_box"": 1.0, ""valid_frac_smplh"": 0.98156, ""video_nb_frames"": 5640}",render
v00_369,targeted_369_V00_S1121_I00000238_P0871_f0006369,V00_S1121_I00000238_P0871,naturalistic/train/0026/0046/V00_S1121_I00000238_P0871,naturalistic/train/0026/0041/V00_S1121_I00000238_P1090,targeted,naturalistic,6369,V00,naturalistic,train,ipc_conversation,stratified_fill:naturalistic|ipc_conversation,"{""avg_fps"": 30.0, ""npz_frames_min"": 7620, ""npz_status"": ""ok"", ""render_frames"": 300, ""stratum"": ""naturalistic|ipc_conversation"", ""targeted_role"": ""stratified_fill"", ""valid_frac_box"": 1.0, ""valid_frac_smplh"": 0.990157, ""video_nb_frames"": 7620}",render
v00_370,targeted_370_V00_S0135_I00000135_P0196_f0004247,V00_S0135_I00000135_P0196,improvised/train/0002/0012/V00_S0135_I00000135_P0196,improvised/train/0002/0027/V00_S0135_I00000135_P0029A,targeted,improvised,4247,V00,improvised,train,collaborative_storytelling,stratified_fill:improvised|collaborative_storytelling,"{""avg_fps"": 30.0, ""npz_frames_min"": 6000, ""npz_status"": ""ok"", ""render_frames"": 300, ""stratum"": ""improvised|collaborative_storytelling"", ""targeted_role"": ""stratified_fill"", ""valid_frac_box"": 1.0, ""valid_frac_smplh"": 1.0, ""video_nb_frames"": 6000}",render
v00_371,targeted_371_V00_S0362_I00000543_P0059A_f0004072,V00_S0362_I00000543_P0059A,improvised/train/0008/0046/V00_S0362_I00000543_P0059A,improvised/train/0008/0027/V00_S0362_I00000543_P0486,targeted,improvised,4072,V00,improvised,train,grounded_gesture,stratified_fill:improvised|grounded_gesture,"{""avg_fps"": 30.0, ""npz_frames_min"": 11220, ""npz_status"": ""ok"", ""render_frames"": 300, ""stratum"": ""improvised|grounded_gesture"", ""targeted_role"": ""stratified_fill"", ""valid_frac_box"": 1.0, ""valid_frac_smplh"": 0.98779, ""video_nb_frames"": 11220}",render
v00_372,targeted_372_V00_S1243_I00000115_P0871A_f0009570,V00_S1243_I00000115_P0871A,improvised/train/0028/0027/V00_S1243_I00000115_P0871A,improvised/train/0028/0018/V00_S1243_I00000115_P0193A,targeted,improvised,9570,V00,improvised,train,ipc_conversation,stratified_fill:improvised|ipc_conversation,"{""avg_fps"": 30.0, ""npz_frames_min"": 10500, ""npz_status"": ""ok"", ""render_frames"": 300, ""stratum"": ""improvised|ipc_conversation"", ""targeted_role"": ""stratified_fill"", ""valid_frac_box"": 1.0, ""valid_frac_smplh"": 0.998, ""video_nb_frames"": 10500}",render
v00_373,targeted_373_V00_S0699_I00000135_P0849_f0003263,V00_S0699_I00000135_P0849,naturalistic/train/0020/0033/V00_S0699_I00000135_P0849,naturalistic/train/0020/0040/V00_S0699_I00000135_P0850,targeted,naturalistic,3263,V00,naturalistic,train,collaborative_storytelling,stratified_fill:naturalistic|collaborative_storytelling,"{""avg_fps"": 30.0, ""npz_frames_min"": 3780, ""npz_status"": ""ok"", ""render_frames"": 300, ""stratum"": ""naturalistic|collaborative_storytelling"", ""targeted_role"": ""stratified_fill"", ""valid_frac_box"": 1.0, ""valid_frac_smplh"": 0.998413, ""video_nb_frames"": 3780}",render
v00_374,targeted_374_V00_S1999_I00000609_P1000_f0000246,V00_S1999_I00000609_P1000,naturalistic/train/0033/0024/V00_S1999_I00000609_P1000,naturalistic/train/0033/0039/V00_S1999_I00000609_P1254,targeted,naturalistic,246,V00,naturalistic,train,grounded_gesture,stratified_fill:naturalistic|grounded_gesture,"{""avg_fps"": 30.0, ""npz_frames_min"": 5280, ""npz_status"": ""ok"", ""render_frames"": 300, ""stratum"": ""naturalistic|grounded_gesture"", ""targeted_role"": ""stratified_fill"", ""valid_frac_box"": 1.0, ""valid_frac_smplh"": 0.992045, ""video_nb_frames"": 5280}",render
v00_375,targeted_375_V00_S0599_I00000378_P0757_f0005226,V00_S0599_I00000378_P0757,naturalistic/train/0017/0003/V00_S0599_I00000378_P0757,naturalistic/train/0017/0027/V00_S0599_I00000378_P0675,targeted,naturalistic,5226,V00,naturalistic,train,ipc_conversation,stratified_fill:naturalistic|ipc_conversation,"{""avg_fps"": 30.0, ""npz_frames_min"": 8880, ""npz_status"": ""ok"", ""render_frames"": 300, ""stratum"": ""naturalistic|ipc_conversation"", ""targeted_role"": ""stratified_fill"", ""valid_frac_box"": 1.0, ""valid_frac_smplh"": 0.976464, ""video_nb_frames"": 8880}",render
v00_376,targeted_376_V00_S0263_I00000135_P0085A_f0005558,V00_S0263_I00000135_P0085A,improvised/train/0006/0024/V00_S0263_I00000135_P0085A,improvised/train/0006/0044/V00_S0263_I00000135_P0360,targeted,improvised,5558,V00,improvised,train,collaborative_storytelling,stratified_fill:improvised|collaborative_storytelling,"{""avg_fps"": 30.0, ""npz_frames_min"": 5940, ""npz_status"": ""ok"", ""render_frames"": 300, ""stratum"": ""improvised|collaborative_storytelling"", ""targeted_role"": ""stratified_fill"", ""valid_frac_box"": 1.0, ""valid_frac_smplh"": 1.0, ""video_nb_frames"": 5940}",render
v00_377,targeted_377_V00_S0258_I00000497_P0355_f0000026,V00_S0258_I00000497_P0355,improvised/train/0006/0013/V00_S0258_I00000497_P0355,improvised/train/0006/0035/V00_S0258_I00000497_P0006A,targeted,improvised,26,V00,improvised,train,grounded_gesture,stratified_fill:improvised|grounded_gesture,"{""avg_fps"": 30.0, ""npz_frames_min"": 7740, ""npz_status"": ""ok"", ""render_frames"": 300, ""stratum"": ""improvised|grounded_gesture"", ""targeted_role"": ""stratified_fill"", ""valid_frac_box"": 1.0, ""valid_frac_smplh"": 0.999871, ""video_nb_frames"": 7740}",render
v00_378,targeted_378_V00_S1626_I00000996_P1147A_f0004833,V00_S1626_I00000996_P1147A,improvised/train/0039/0046/V00_S1626_I00000996_P1147A,improvised/train/0039/0022/V00_S1626_I00000996_P0320A,targeted,improvised,4833,V00,improvised,train,ipc_conversation,stratified_fill:improvised|ipc_conversation,"{""avg_fps"": 30.0, ""npz_frames_min"": 12060, ""npz_status"": ""ok"", ""render_frames"": 300, ""stratum"": ""improvised|ipc_conversation"", ""targeted_role"": ""stratified_fill"", ""valid_frac_box"": 1.0, ""valid_frac_smplh"": 0.992371, ""video_nb_frames"": 12060}",render
v00_379,targeted_379_V00_S0386_I00000135_P0124_f0002647,V00_S0386_I00000135_P0124,naturalistic/train/0010/0045/V00_S0386_I00000135_P0124,naturalistic/train/0010/0037/V00_S0386_I00000135_P0511,targeted,naturalistic,2647,V00,naturalistic,train,collaborative_storytelling,stratified_fill:naturalistic|collaborative_storytelling,"{""avg_fps"": 30.0, ""npz_frames_min"": 3660, ""npz_status"": ""ok"", ""render_frames"": 300, ""stratum"": ""naturalistic|collaborative_storytelling"", ""targeted_role"": ""stratified_fill"", ""valid_frac_box"": 1.0, ""valid_frac_smplh"": 0.99918, ""video_nb_frames"": 3660}",render
v00_380,targeted_380_V00_S0085_I00000520_P0125_f0000139,V00_S0085_I00000520_P0125,naturalistic/train/0001/0027/V00_S0085_I00000520_P0125,naturalistic/train/0001/0006/V00_S0085_I00000520_P0126,targeted,naturalistic,139,V00,naturalistic,train,grounded_gesture,stratified_fill:naturalistic|grounded_gesture,"{""avg_fps"": 30.0, ""npz_frames_min"": 7560, ""npz_status"": ""ok"", ""render_frames"": 300, ""stratum"": ""naturalistic|grounded_gesture"", ""targeted_role"": ""stratified_fill"", ""valid_frac_box"": 1.0, ""valid_frac_smplh"": 0.992725, ""video_nb_frames"": 7560}",render
v00_381,targeted_381_V00_S0494_I00000484_P0634_f0003826,V00_S0494_I00000484_P0634,naturalistic/train/0013/0009/V00_S0494_I00000484_P0634,naturalistic/train/0013/0002/V00_S0494_I00000484_P0632,targeted,naturalistic,3826,V00,naturalistic,train,ipc_conversation,stratified_fill:naturalistic|ipc_conversation,"{""avg_fps"": 30.0, ""npz_frames_min"": 4380, ""npz_status"": ""ok"", ""render_frames"": 300, ""stratum"": ""naturalistic|ipc_conversation"", ""targeted_role"": ""stratified_fill"", ""valid_frac_box"": 1.0, ""valid_frac_smplh"": 0.995434, ""video_nb_frames"": 4380}",render
v00_382,targeted_382_V00_S0888_I00000135_P0921A_f0001574,V00_S0888_I00000135_P0921A,improvised/train/0018/0050/V00_S0888_I00000135_P0921A,improvised/train/0018/0043/V00_S0888_I00000135_P0990,targeted,improvised,1574,V00,improvised,train,collaborative_storytelling,stratified_fill:improvised|collaborative_storytelling,"{""avg_fps"": 30.0, ""npz_frames_min"": 5580, ""npz_status"": ""ok"", ""render_frames"": 300, ""stratum"": ""improvised|collaborative_storytelling"", ""targeted_role"": ""stratified_fill"", ""valid_frac_box"": 1.0, ""valid_frac_smplh"": 0.963799, ""video_nb_frames"": 5580}",render
v00_383,targeted_383_V00_S0815_I00000543_P0004A_f0001734,V00_S0815_I00000543_P0004A,improvised/train/0016/0038/V00_S0815_I00000543_P0004A,improvised/train/0016/0039/V00_S0815_I00000543_P0678,targeted,improvised,1734,V00,improvised,train,grounded_gesture,stratified_fill:improvised|grounded_gesture,"{""avg_fps"": 30.0, ""npz_frames_min"": 4320, ""npz_status"": ""ok"", ""render_frames"": 300, ""stratum"": ""improvised|grounded_gesture"", ""targeted_role"": ""stratified_fill"", ""valid_frac_box"": 1.0, ""valid_frac_smplh"": 1.0, ""video_nb_frames"": 4320}",render
v00_384,targeted_384_V00_S1012_I00001215_P0388A_f0003023,V00_S1012_I00001215_P0388A,improvised/train/0021/0022/V00_S1012_I00001215_P0388A,improvised/train/0021/0051/V00_S1012_I00001215_P0196A,targeted,improvised,3023,V00,improvised,train,ipc_conversation,stratified_fill:improvised|ipc_conversation,"{""avg_fps"": 30.0, ""npz_frames_min"": 7860, ""npz_status"": ""ok"", ""render_frames"": 300, ""stratum"": ""improvised|ipc_conversation"", ""targeted_role"": ""stratified_fill"", ""valid_frac_box"": 1.0, ""valid_frac_smplh"": 1.0, ""video_nb_frames"": 7860}",render
v00_385,targeted_385_V00_S0111_I00000135_P0161_f0002577,V00_S0111_I00000135_P0161,naturalistic/train/0002/0024/V00_S0111_I00000135_P0161,naturalistic/train/0002/0038/V00_S0111_I00000135_P0160,targeted,naturalistic,2577,V00,naturalistic,train,collaborative_storytelling,stratified_fill:naturalistic|collaborative_storytelling,"{""avg_fps"": 30.0, ""npz_frames_min"": 4740, ""npz_status"": ""ok"", ""render_frames"": 300, ""stratum"": ""naturalistic|collaborative_storytelling"", ""targeted_role"": ""stratified_fill"", ""valid_frac_box"": 1.0, ""valid_frac_smplh"": 1.0, ""video_nb_frames"": 4740}",render
v00_386,targeted_386_V00_S1395_I00000606_P1133_f0002404,V00_S1395_I00000606_P1133,naturalistic/train/0027/0032/V00_S1395_I00000606_P1133,naturalistic/train/0027/0033/V00_S1395_I00000606_P0071,targeted,naturalistic,2404,V00,naturalistic,train,grounded_gesture,stratified_fill:naturalistic|grounded_gesture,"{""avg_fps"": 30.0, ""npz_frames_min"": 7020, ""npz_status"": ""ok"", ""render_frames"": 300, ""stratum"": ""naturalistic|grounded_gesture"", ""targeted_role"": ""stratified_fill"", ""valid_frac_box"": 1.0, ""valid_frac_smplh"": 1.0, ""video_nb_frames"": 7020}",render
v00_387,targeted_387_V00_S1995_I00000419_P0139_f0002006,V00_S1995_I00000419_P0139,naturalistic/train/0033/0025/V00_S1995_I00000419_P0139,naturalistic/train/0033/0037/V00_S1995_I00000419_P0073,targeted,naturalistic,2006,V00,naturalistic,train,ipc_conversation,stratified_fill:naturalistic|ipc_conversation,"{""avg_fps"": 30.0, ""npz_frames_min"": 3600, ""npz_status"": ""ok"", ""render_frames"": 300, ""stratum"": ""naturalistic|ipc_conversation"", ""targeted_role"": ""stratified_fill"", ""valid_frac_box"": 1.0, ""valid_frac_smplh"": 1.0, ""video_nb_frames"": 3600}",render
v00_388,targeted_388_V00_S0267_I00000135_P0085A_f0000510,V00_S0267_I00000135_P0085A,improvised/train/0006/0040/V00_S0267_I00000135_P0085A,improvised/train/0006/0038/V00_S0267_I00000135_P0364,targeted,improvised,510,V00,improvised,train,collaborative_storytelling,stratified_fill:improvised|collaborative_storytelling,"{""avg_fps"": 30.0, ""npz_frames_min"": 4440, ""npz_status"": ""ok"", ""render_frames"": 300, ""stratum"": ""improvised|collaborative_storytelling"", ""targeted_role"": ""stratified_fill"", ""valid_frac_box"": 1.0, ""valid_frac_smplh"": 0.968694, ""video_nb_frames"": 4440}",render
v00_389,targeted_389_V00_S1253_I00001230_P1100A_f0001292,V00_S1253_I00001230_P1100A,improvised/train/0028/0006/V00_S1253_I00001230_P1100A,improvised/train/0028/0064/V00_S1253_I00001230_P0955A,targeted,improvised,1292,V00,improvised,train,grounded_gesture,stratified_fill:improvised|grounded_gesture,"{""avg_fps"": 30.0, ""npz_frames_min"": 2220, ""npz_status"": ""ok"", ""render_frames"": 300, ""stratum"": ""improvised|grounded_gesture"", ""targeted_role"": ""stratified_fill"", ""valid_frac_box"": 1.0, ""valid_frac_smplh"": 0.995045, ""video_nb_frames"": 2220}",render
v00_390,targeted_390_V00_S1444_I00001028_P0388A_f0011562,V00_S1444_I00001028_P0388A,improvised/train/0033/0011/V00_S1444_I00001028_P0388A,improvised/train/0033/0012/V00_S1444_I00001028_P0241A,targeted,improvised,11562,V00,improvised,train,ipc_conversation,stratified_fill:improvised|ipc_conversation,"{""avg_fps"": 30.0, ""npz_frames_min"": 12240, ""npz_status"": ""ok"", ""render_frames"": 300, ""stratum"": ""improvised|ipc_conversation"", ""targeted_role"": ""stratified_fill"", ""valid_frac_box"": 1.0, ""valid_frac_smplh"": 1.0, ""video_nb_frames"": 12240}",render
v00_391,targeted_391_V00_S0354_I00000135_P0433_f0002755,V00_S0354_I00000135_P0433,naturalistic/train/0009/0043/V00_S0354_I00000135_P0433,naturalistic/train/0009/0016/V00_S0354_I00000135_P0475,targeted,naturalistic,2755,V00,naturalistic,train,collaborative_storytelling,stratified_fill:naturalistic|collaborative_storytelling,"{""avg_fps"": 30.0, ""npz_frames_min"": 3300, ""npz_status"": ""ok"", ""render_frames"": 300, ""stratum"": ""naturalistic|collaborative_storytelling"", ""targeted_role"": ""stratified_fill"", ""valid_frac_box"": 1.0, ""valid_frac_smplh"": 1.0, ""video_nb_frames"": 3300}",render
v00_392,targeted_392_V00_S1322_I00000606_P0071_f0003337,V00_S1322_I00000606_P0071,naturalistic/train/0027/0009/V00_S1322_I00000606_P0071,naturalistic/train/0027/0030/V00_S1322_I00000606_P1127,targeted,naturalistic,3337,V00,naturalistic,train,grounded_gesture,stratified_fill:naturalistic|grounded_gesture,"{""avg_fps"": 30.0, ""npz_frames_min"": 7800, ""npz_status"": ""ok"", ""render_frames"": 300, ""stratum"": ""naturalistic|grounded_gesture"", ""targeted_role"": ""stratified_fill"", ""valid_frac_box"": 1.0, ""valid_frac_smplh"": 0.981154, ""video_nb_frames"": 7800}",render
v00_393,targeted_393_V00_S1982_I00000152_P1239_f0002531,V00_S1982_I00000152_P1239,naturalistic/train/0032/0048/V00_S1982_I00000152_P1239,naturalistic/train/0032/0039/V00_S1982_I00000152_P1238,targeted,naturalistic,2531,V00,naturalistic,train,ipc_conversation,stratified_fill:naturalistic|ipc_conversation,"{""avg_fps"": 30.0, ""npz_frames_min"": 4920, ""npz_status"": ""ok"", ""render_frames"": 300, ""stratum"": ""naturalistic|ipc_conversation"", ""targeted_role"": ""stratified_fill"", ""valid_frac_box"": 1.0, ""valid_frac_smplh"": 0.974797, ""video_nb_frames"": 4920}",render
v00_394,targeted_394_V00_S0091_I00000135_P0132_f0000199,V00_S0091_I00000135_P0132,improvised/train/0001/0008/V00_S0091_I00000135_P0132,improvised/train/0001/0030/V00_S0091_I00000135_P0040A,targeted,improvised,199,V00,improvised,train,collaborative_storytelling,stratified_fill:improvised|collaborative_storytelling,"{""avg_fps"": 30.0, ""npz_frames_min"": 5040, ""npz_status"": ""ok"", ""render_frames"": 300, ""stratum"": ""improvised|collaborative_storytelling"", ""targeted_role"": ""stratified_fill"", ""valid_frac_box"": 1.0, ""valid_frac_smplh"": 0.997024, ""video_nb_frames"": 5040}",render
v00_395,targeted_395_V00_S0745_I00000520_P0241A_f0009588,V00_S0745_I00000520_P0241A,improvised/train/0014/0036/V00_S0745_I00000520_P0241A,improvised/train/0014/0041/V00_S0745_I00000520_P0893,targeted,improvised,9588,V00,improvised,train,grounded_gesture,stratified_fill:improvised|grounded_gesture,"{""avg_fps"": 30.0, ""npz_frames_min"": 10680, ""npz_status"": ""ok"", ""render_frames"": 300, ""stratum"": ""improvised|grounded_gesture"", ""targeted_role"": ""stratified_fill"", ""valid_frac_box"": 1.0, ""valid_frac_smplh"": 0.998034, ""video_nb_frames"": 10680}",render
v00_396,targeted_396_V00_S0956_I00001226_P0799A_f0007432,V00_S0956_I00001226_P0799A,improvised/train/0020/0020/V00_S0956_I00001226_P0799A,improvised/train/0020/0009/V00_S0956_I00001226_P0557A,targeted,improvised,7432,V00,improvised,train,ipc_conversation,stratified_fill:improvised|ipc_conversation,"{""avg_fps"": 30.0, ""npz_frames_min"": 8700, ""npz_status"": ""ok"", ""render_frames"": 300, ""stratum"": ""improvised|ipc_conversation"", ""targeted_role"": ""stratified_fill"", ""valid_frac_box"": 1.0, ""valid_frac_smplh"": 0.998506, ""video_nb_frames"": 8700}",render
v00_397,targeted_397_V00_S0139_I00000135_P0201_f0000688,V00_S0139_I00000135_P0201,naturalistic/train/0002/0021/V00_S0139_I00000135_P0201,naturalistic/train/0002/0001/V00_S0139_I00000135_P0200,targeted,naturalistic,688,V00,naturalistic,train,collaborative_storytelling,stratified_fill:naturalistic|collaborative_storytelling,"{""avg_fps"": 30.0, ""npz_frames_min"": 4620, ""npz_status"": ""ok"", ""render_frames"": 300, ""stratum"": ""naturalistic|collaborative_storytelling"", ""targeted_role"": ""stratified_fill"", ""valid_frac_box"": 1.0, ""valid_frac_smplh"": 1.0, ""video_nb_frames"": 4620}",render
v00_398,targeted_398_V00_S0579_I00000503_P0718_f0001138,V00_S0579_I00000503_P0718,naturalistic/train/0016/0018/V00_S0579_I00000503_P0718,naturalistic/train/0016/0007/V00_S0579_I00000503_P0730,targeted,naturalistic,1138,V00,naturalistic,train,grounded_gesture,stratified_fill:naturalistic|grounded_gesture,"{""avg_fps"": 30.0, ""npz_frames_min"": 5460, ""npz_status"": ""ok"", ""render_frames"": 300, ""stratum"": ""naturalistic|grounded_gesture"", ""targeted_role"": ""stratified_fill"", ""valid_frac_box"": 1.0, ""valid_frac_smplh"": 0.984066, ""video_nb_frames"": 5460}",render
v00_399,targeted_399_V00_S0064_I00000381_P0095_f0001868,V00_S0064_I00000381_P0095,naturalistic/train/0000/0026/V00_S0064_I00000381_P0095,naturalistic/train/0000/0013/V00_S0064_I00000381_P0096,targeted,naturalistic,1868,V00,naturalistic,train,ipc_conversation,stratified_fill:naturalistic|ipc_conversation,"{""avg_fps"": 30.0, ""npz_frames_min"": 3180, ""npz_status"": ""ok"", ""render_frames"": 300, ""stratum"": ""naturalistic|ipc_conversation"", ""targeted_role"": ""stratified_fill"", ""valid_frac_box"": 1.0, ""valid_frac_smplh"": 0.990252, ""video_nb_frames"": 3180}",render
