review_item_id,clip_id,file_id,source_relbase,partner_source_relbase,sample_group,vendor_stratum,label_stratum,start_frame,vendor,label,split,activity_type,selection_reason,signals_json,render_policy
vend_275,v03_flagged_275_V03_S1830_I00000239_P5056_f0001430,V03_S1830_I00000239_P5056,naturalistic/train/0168/0125/V03_S1830_I00000239_P5056,naturalistic/train/0168/0053/V03_S1830_I00000239_P5057,v03_flagged,V03,naturalistic,1430,V03,naturalistic,train,ipc_conversation,random draw from V03 files the current pipeline rejects,"{""flags_fired"": ""fm2_smplh_invalid"", ""fm1_knee_between_torso_p50"": 0.5203349551304117, ""fm2_longest_invalid_run_frames"": 1270.0, ""fm2_smplh_valid_frac"": 0.7737285390346614, ""fm3_static_frac"": 0.15014577259475217, ""fps"": 29.97, ""observed_duration_s"": 206.0058, ""raster"": ""2160x3840"", ""reproj_shoulder_widths_p50"": 0.11780932655919552, ""valid_frac_box"": 1.0, ""vendor"": ""V03"", ""verdict"": ""REJECTED by fm2_smplh_invalid""}",render
vend_276,v03_flagged_276_V03_S0176_I00000307_P1259_f0002795,V03_S0176_I00000307_P1259,naturalistic/train/0109/0041/V03_S0176_I00000307_P1259,naturalistic/train/0109/0047/V03_S0176_I00000307_P1378,v03_flagged,V03,naturalistic,2795,V03,naturalistic,train,ipc_conversation,random draw from V03 files the current pipeline rejects,"{""flags_fired"": ""fm1_sitting+fm2_smplh_invalid"", ""fm1_knee_between_torso_p50"": 0.5683814385615035, ""fm2_longest_invalid_run_frames"": 658.0, ""fm2_smplh_valid_frac"": 0.8376028202115159, ""fm3_static_frac"": 0.3245593419506463, ""fps"": 29.97, ""observed_duration_s"": 142.008167, ""raster"": ""2160x3840"", ""reproj_shoulder_widths_p50"": 0.10643000781851283, ""valid_frac_box"": 1.0, ""vendor"": ""V03"", ""verdict"": ""REJECTED by fm1_sitting+fm2_smplh_invalid""}",render
vend_277,v03_flagged_277_V03_S1722_I00000088_P1892_f0006219,V03_S1722_I00000088_P1892,naturalistic/train/0164/0058/V03_S1722_I00000088_P1892,naturalistic/train/0164/0095/V03_S1722_I00000088_P1369,v03_flagged,V03,naturalistic,6219,V03,naturalistic,train,collaborative_storytelling,random draw from V03 files the current pipeline rejects,"{""flags_fired"": ""fm2_smplh_invalid"", ""fm1_knee_between_torso_p50"": 0.616564791850257, ""fm2_longest_invalid_run_frames"": 2841.0, ""fm2_smplh_valid_frac"": 0.50366250678242, ""fm3_static_frac"": 0.0, ""fps"": 29.97, ""observed_duration_s"": 246.012067, ""raster"": ""2160x3840"", ""reproj_shoulder_widths_p50"": 0.15859678581520953, ""valid_frac_box"": 1.0, ""vendor"": ""V03"", ""verdict"": ""REJECTED by fm2_smplh_invalid""}",render
vend_278,v03_flagged_278_V03_S0923_I00000397_P3168_f0001457,V03_S0923_I00000397_P3168,naturalistic/train/0129/0100/V03_S0923_I00000397_P3168,naturalistic/train/0129/0043/V03_S0923_I00000397_P3169,v03_flagged,V03,naturalistic,1457,V03,naturalistic,train,ipc_conversation,random draw from V03 files the current pipeline rejects,"{""flags_fired"": ""fm2_smplh_invalid"", ""fm1_knee_between_torso_p50"": 0.6461865000493492, ""fm2_longest_invalid_run_frames"": 3039.0, ""fm2_smplh_valid_frac"": 0.5366785532348446, ""fm3_static_frac"": 0.0, ""fps"": 29.97, ""observed_duration_s"": 262.028067, ""raster"": ""2160x3840"", ""reproj_shoulder_widths_p50"": 0.13158988163296975, ""valid_frac_box"": 1.0, ""vendor"": ""V03"", ""verdict"": ""REJECTED by fm2_smplh_invalid""}",render
vend_279,v03_flagged_279_V03_S1073_I00000110_P3561_f0004731,V03_S1073_I00000110_P3561,naturalistic/train/0135/0128/V03_S1073_I00000110_P3561,naturalistic/train/0135/0004/V03_S1073_I00000110_P3558,v03_flagged,V03,naturalistic,4731,V03,naturalistic,train,ipc_conversation,random draw from V03 files the current pipeline rejects,"{""flags_fired"": ""fm2_smplh_invalid"", ""fm1_knee_between_torso_p50"": 0.5699794528206081, ""fm2_longest_invalid_run_frames"": 16.0, ""fm2_smplh_valid_frac"": 0.9543245869776482, ""fm3_static_frac"": 0.0, ""fps"": 29.97, ""observed_duration_s"": 206.0058, ""raster"": ""2160x3840"", ""reproj_shoulder_widths_p50"": 0.15289526392457153, ""valid_frac_box"": 1.0, ""vendor"": ""V03"", ""verdict"": ""REJECTED by fm2_smplh_invalid""}",render
vend_280,v03_flagged_280_V03_S2033_I00000020_P5240_f0001429,V03_S2033_I00000020_P5240,naturalistic/train/0177/0033/V03_S2033_I00000020_P5240,naturalistic/train/0177/0063/V03_S2033_I00000020_P5514,v03_flagged,V03,naturalistic,1429,V03,naturalistic,train,ipc_conversation,random draw from V03 files the current pipeline rejects,"{""flags_fired"": ""fm2_smplh_invalid"", ""fm1_knee_between_torso_p50"": 0.609816746923736, ""fm2_longest_invalid_run_frames"": 2895.0, ""fm2_smplh_valid_frac"": 0.09957401490947816, ""fm3_static_frac"": 0.4597089101881434, ""fps"": 29.97, ""observed_duration_s"": 188.0208, ""raster"": ""2160x3840"", ""reproj_shoulder_widths_p50"": 0.21184002705901245, ""valid_frac_box"": 1.0, ""vendor"": ""V03"", ""verdict"": ""REJECTED by fm2_smplh_invalid""}",render
vend_281,v03_flagged_281_V03_S1025_I00000086_P2921_f0000772,V03_S1025_I00000086_P2921,naturalistic/train/0133/0018/V03_S1025_I00000086_P2921,naturalistic/train/0133/0044/V03_S1025_I00000086_P2641,v03_flagged,V03,naturalistic,772,V03,naturalistic,train,ipc_conversation,random draw from V03 files the current pipeline rejects,"{""flags_fired"": ""fm2_smplh_invalid"", ""fm1_knee_between_torso_p50"": 0.5842381855002602, ""fm2_longest_invalid_run_frames"": 2948.0, ""fm2_smplh_valid_frac"": 0.47506019951840384, ""fm3_static_frac"": 0.428226779252111, ""fps"": 29.97, ""observed_duration_s"": 194.0268, ""raster"": ""2160x3840"", ""reproj_shoulder_widths_p50"": 0.12757581379918792, ""valid_frac_box"": 1.0, ""vendor"": ""V03"", ""verdict"": ""REJECTED by fm2_smplh_invalid""}",render
vend_282,v03_flagged_282_V03_S0514_I00000373_P1430_f0001224,V03_S0514_I00000373_P1430,naturalistic/train/0122/0115/V03_S0514_I00000373_P1430,naturalistic/train/0122/0038/V03_S0514_I00000373_P1331,v03_flagged,V03,naturalistic,1224,V03,naturalistic,train,ipc_conversation,random draw from V03 files the current pipeline rejects,"{""flags_fired"": ""fm2_smplh_invalid"", ""fm1_knee_between_torso_p50"": 0.6833396394285246, ""fm2_longest_invalid_run_frames"": 284.0, ""fm2_smplh_valid_frac"": 0.8302745335962385, ""fm3_static_frac"": 0.0013650841801911117, ""fps"": 29.97, ""observed_duration_s"": 220.0198, ""raster"": ""2160x3840"", ""reproj_shoulder_widths_p50"": 0.07339405670901546, ""valid_frac_box"": 1.0, ""vendor"": ""V03"", ""verdict"": ""REJECTED by fm2_smplh_invalid""}",render
vend_283,v03_flagged_283_V03_S0030_I00000130_P1045_f0005236,V03_S0030_I00000130_P1045,naturalistic/train/0103/0027/V03_S0030_I00000130_P1045,naturalistic/train/0103/0052/V03_S0030_I00000130_P1083,v03_flagged,V03,naturalistic,5236,V03,naturalistic,train,ipc_conversation,random draw from V03 files the current pipeline rejects,"{""flags_fired"": ""fm3_static_hands"", ""fm1_knee_between_torso_p50"": 0.5976265477153674, ""fm2_longest_invalid_run_frames"": 0.0, ""fm2_smplh_valid_frac"": 1.0, ""fm3_static_frac"": 0.8018121674097511, ""fps"": 29.97, ""observed_duration_s"": 232.031433, ""raster"": ""2160x3840"", ""reproj_shoulder_widths_p50"": 0.17940823528526273, ""valid_frac_box"": 1.0, ""vendor"": ""V03"", ""verdict"": ""REJECTED by fm3_static_hands""}",render
vend_284,v03_flagged_284_V03_S0514_I00000375_P1430_f0003403,V03_S0514_I00000375_P1430,naturalistic/train/0122/0011/V03_S0514_I00000375_P1430,naturalistic/train/0122/0075/V03_S0514_I00000375_P1331,v03_flagged,V03,naturalistic,3403,V03,naturalistic,train,ipc_conversation,random draw from V03 files the current pipeline rejects,"{""flags_fired"": ""fm2_smplh_invalid"", ""fm1_knee_between_torso_p50"": 0.7336469990654271, ""fm2_longest_invalid_run_frames"": 58.0, ""fm2_smplh_valid_frac"": 0.8730127576054956, ""fm3_static_frac"": 0.0, ""fps"": 29.97, ""observed_duration_s"": 170.003167, ""raster"": ""2160x3840"", ""reproj_shoulder_widths_p50"": 0.11476498477261325, ""valid_frac_box"": 1.0, ""vendor"": ""V03"", ""verdict"": ""REJECTED by fm2_smplh_invalid""}",render
vend_285,v03_flagged_285_V03_S1339_I00000422_P3930_f0002824,V03_S1339_I00000422_P3930,naturalistic/train/0146/0108/V03_S1339_I00000422_P3930,naturalistic/train/0146/0113/V03_S1339_I00000422_P3955,v03_flagged,V03,naturalistic,2824,V03,naturalistic,train,ipc_conversation,random draw from V03 files the current pipeline rejects,"{""flags_fired"": ""fm1_sitting+fm2_smplh_invalid"", ""fm1_knee_between_torso_p50"": 0.30142257947359175, ""fm2_longest_invalid_run_frames"": 7.0, ""fm2_smplh_valid_frac"": 0.995829244357213, ""fm3_static_frac"": 0.0004906771344455348, ""fps"": 29.97, ""observed_duration_s"": 136.002533, ""raster"": ""2160x3840"", ""reproj_shoulder_widths_p50"": 0.08411587793607389, ""valid_frac_box"": 1.0, ""vendor"": ""V03"", ""verdict"": ""REJECTED by fm1_sitting+fm2_smplh_invalid""}",render
vend_286,v03_flagged_286_V03_S1259_I00000242_P3896_f0000666,V03_S1259_I00000242_P3896,naturalistic/train/0142/0082/V03_S1259_I00000242_P3896,naturalistic/train/0142/0033/V03_S1259_I00000242_P2534,v03_flagged,V03,naturalistic,666,V03,naturalistic,train,ipc_conversation,random draw from V03 files the current pipeline rejects,"{""flags_fired"": ""fm2_smplh_invalid"", ""fm1_knee_between_torso_p50"": 0.5169566851222986, ""fm2_longest_invalid_run_frames"": 126.0, ""fm2_smplh_valid_frac"": 0.8196571428571429, ""fm3_static_frac"": 0.0016, ""fps"": 29.97, ""observed_duration_s"": 146.012167, ""raster"": ""2160x3840"", ""reproj_shoulder_widths_p50"": 0.12141400589380807, ""valid_frac_box"": 1.0, ""vendor"": ""V03"", ""verdict"": ""REJECTED by fm2_smplh_invalid""}",render
vend_287,v03_flagged_287_V03_S2035_I00000267_P5531_f0008463,V03_S2035_I00000267_P5531,naturalistic/train/0177/0061/V03_S2035_I00000267_P5531,naturalistic/train/0177/0077/V03_S2035_I00000267_P3854,v03_flagged,V03,naturalistic,8463,V03,naturalistic,train,ipc_conversation,random draw from V03 files the current pipeline rejects,"{""flags_fired"": ""fm2_smplh_invalid"", ""fm1_knee_between_torso_p50"": 0.5823933281595801, ""fm2_longest_invalid_run_frames"": 1352.0, ""fm2_smplh_valid_frac"": 0.4641279811561488, ""fm3_static_frac"": 0.29639807635685544, ""fps"": 29.97, ""observed_duration_s"": 340.005967, ""raster"": ""2160x3840"", ""reproj_shoulder_widths_p50"": 0.22571904735749188, ""valid_frac_box"": 1.0, ""vendor"": ""V03"", ""verdict"": ""REJECTED by fm2_smplh_invalid""}",render
vend_288,v03_flagged_288_V03_S1083_I00000233_P3084_f0001587,V03_S1083_I00000233_P3084,naturalistic/train/0136/0073/V03_S1083_I00000233_P3084,naturalistic/train/0136/0106/V03_S1083_I00000233_P3581,v03_flagged,V03,naturalistic,1587,V03,naturalistic,train,ipc_conversation,random draw from V03 files the current pipeline rejects,"{""flags_fired"": ""fm2_smplh_invalid"", ""fm1_knee_between_torso_p50"": 0.583545284596754, ""fm2_longest_invalid_run_frames"": 110.0, ""fm2_smplh_valid_frac"": 0.9648763354309966, ""fm3_static_frac"": 0.00600204948031035, ""fps"": 29.97, ""observed_duration_s"": 228.0278, ""raster"": ""2160x3840"", ""reproj_shoulder_widths_p50"": 0.19200248459599553, ""valid_frac_box"": 1.0, ""vendor"": ""V03"", ""verdict"": ""REJECTED by fm2_smplh_invalid""}",render
vend_289,v03_flagged_289_V03_S1733_I00000135_P1290_f0002473,V03_S1733_I00000135_P1290,improvised/train/0068/0142/V03_S1733_I00000135_P1290,improvised/train/0068/0039/V03_S1733_I00000135_P4938,v03_flagged,V03,improvised,2473,V03,improvised,train,collaborative_storytelling,random draw from V03 files the current pipeline rejects,"{""flags_fired"": ""fm2_smplh_invalid"", ""fm1_knee_between_torso_p50"": 0.5358617305034451, ""fm2_longest_invalid_run_frames"": 105.0, ""fm2_smplh_valid_frac"": 0.8766748701121138, ""fm3_static_frac"": 0.04156412359857807, ""fps"": 29.97, ""observed_duration_s"": 122.0219, ""raster"": ""2160x3840"", ""reproj_shoulder_widths_p50"": 0.08729986452393418, ""valid_frac_box"": 1.0, ""vendor"": ""V03"", ""verdict"": ""REJECTED by fm2_smplh_invalid""}",render
vend_290,v03_flagged_290_V03_S1441_I00000408_P4403_f0002284,V03_S1441_I00000408_P4403,naturalistic/train/0151/0088/V03_S1441_I00000408_P4403,naturalistic/train/0151/0051/V03_S1441_I00000408_P4402,v03_flagged,V03,naturalistic,2284,V03,naturalistic,train,ipc_conversation,random draw from V03 files the current pipeline rejects,"{""flags_fired"": ""fm2_smplh_invalid"", ""fm1_knee_between_torso_p50"": 0.659158874931762, ""fm2_longest_invalid_run_frames"": 102.0, ""fm2_smplh_valid_frac"": 0.9769165964616681, ""fm3_static_frac"": 0.00033698399326032014, ""fps"": 29.97, ""observed_duration_s"": 198.031167, ""raster"": ""2160x3840"", ""reproj_shoulder_widths_p50"": 0.18502628182156372, ""valid_frac_box"": 1.0, ""vendor"": ""V03"", ""verdict"": ""REJECTED by fm2_smplh_invalid""}",render
vend_291,v03_flagged_291_V03_S1860_I00000222_P5232_f0003106,V03_S1860_I00000222_P5232,naturalistic/train/0170/0079/V03_S1860_I00000222_P5232,naturalistic/train/0170/0063/V03_S1860_I00000222_P5218,v03_flagged,V03,naturalistic,3106,V03,naturalistic,train,ipc_conversation,random draw from V03 files the current pipeline rejects,"{""flags_fired"": ""fm2_smplh_invalid"", ""fm1_knee_between_torso_p50"": 0.5679825096412838, ""fm2_longest_invalid_run_frames"": 1.0, ""fm2_smplh_valid_frac"": 0.9998314796090327, ""fm3_static_frac"": 0.0003370407819346141, ""fps"": 29.97, ""observed_duration_s"": 198.0308, ""raster"": ""2160x3840"", ""reproj_shoulder_widths_p50"": 0.12927564884490522, ""valid_frac_box"": 1.0, ""vendor"": ""V03"", ""verdict"": ""REJECTED by fm2_smplh_invalid""}",render
vend_292,v03_flagged_292_V03_S0079_I00000520_P1180_f0006078,V03_S0079_I00000520_P1180,improvised/train/0062/0115/V03_S0079_I00000520_P1180,improvised/train/0062/0014/V03_S0079_I00000520_P1031,v03_flagged,V03,improvised,6078,V03,improvised,train,grounded_gesture,random draw from V03 files the current pipeline rejects,"{""flags_fired"": ""fm2_smplh_invalid"", ""fm1_knee_between_torso_p50"": 0.540433286515992, ""fm2_longest_invalid_run_frames"": 142.0, ""fm2_smplh_valid_frac"": 0.9871945170890071, ""fm3_static_frac"": 0.03634232121922626, ""fps"": 29.97, ""observed_duration_s"": 370.0026, ""raster"": ""2160x3840"", ""reproj_shoulder_widths_p50"": 0.0773142164948911, ""valid_frac_box"": 1.0, ""vendor"": ""V03"", ""verdict"": ""REJECTED by fm2_smplh_invalid""}",render
vend_293,v03_flagged_293_V03_S1125_I00000388_P2884_f0002122,V03_S1125_I00000388_P2884,naturalistic/train/0137/0044/V03_S1125_I00000388_P2884,naturalistic/train/0137/0071/V03_S1125_I00000388_P1961,v03_flagged,V03,naturalistic,2122,V03,naturalistic,train,ipc_conversation,random draw from V03 files the current pipeline rejects,"{""flags_fired"": ""fm2_smplh_invalid"", ""fm1_knee_between_torso_p50"": 0.6195536867000266, ""fm2_longest_invalid_run_frames"": 42.0, ""fm2_smplh_valid_frac"": 0.9428060768543343, ""fm3_static_frac"": 0.002383080131069407, ""fps"": 29.97, ""observed_duration_s"": 112.0119, ""raster"": ""2160x3840"", ""reproj_shoulder_widths_p50"": 0.17622659693546924, ""valid_frac_box"": 1.0, ""vendor"": ""V03"", ""verdict"": ""REJECTED by fm2_smplh_invalid""}",render
vend_294,v03_flagged_294_V03_S2068_I00000002_P5215_f0006790,V03_S2068_I00000002_P5215,naturalistic/train/0178/0101/V03_S2068_I00000002_P5215,naturalistic/train/0178/0087/V03_S2068_I00000002_P5619,v03_flagged,V03,naturalistic,6790,V03,naturalistic,train,ipc_conversation,random draw from V03 files the current pipeline rejects,"{""flags_fired"": ""fm1_sitting+fm2_smplh_invalid"", ""fm1_knee_between_torso_p50"": 0.4197973428412995, ""fm2_longest_invalid_run_frames"": 10.0, ""fm2_smplh_valid_frac"": 0.9953081013450109, ""fm3_static_frac"": 0.019393181107288084, ""fps"": 29.97, ""observed_duration_s"": 320.0197, ""raster"": ""2160x3840"", ""reproj_shoulder_widths_p50"": 0.058418343740174516, ""valid_frac_box"": 1.0, ""vendor"": ""V03"", ""verdict"": ""REJECTED by fm1_sitting+fm2_smplh_invalid""}",render
vend_295,v03_flagged_295_V03_S1258_I00000116_P3898_f0003183,V03_S1258_I00000116_P3898,naturalistic/train/0142/0108/V03_S1258_I00000116_P3898,naturalistic/train/0142/0037/V03_S1258_I00000116_P2534,v03_flagged,V03,naturalistic,3183,V03,naturalistic,train,ipc_conversation,random draw from V03 files the current pipeline rejects,"{""flags_fired"": ""fm2_smplh_invalid"", ""fm1_knee_between_torso_p50"": 0.5882239045509899, ""fm2_longest_invalid_run_frames"": 32.0, ""fm2_smplh_valid_frac"": 0.9930675909878682, ""fm3_static_frac"": 0.2874783362218371, ""fps"": 29.97, ""observed_duration_s"": 154.020533, ""raster"": ""2160x3840"", ""reproj_shoulder_widths_p50"": 0.08894914267237897, ""valid_frac_box"": 1.0, ""vendor"": ""V03"", ""verdict"": ""REJECTED by fm2_smplh_invalid""}",render
vend_296,v03_flagged_296_V03_S1628_I00000242_P4281_f0005989,V03_S1628_I00000242_P4281,naturalistic/train/0159/0063/V03_S1628_I00000242_P4281,naturalistic/train/0159/0024/V03_S1628_I00000242_P4643,v03_flagged,V03,naturalistic,5989,V03,naturalistic,train,ipc_conversation,random draw from V03 files the current pipeline rejects,"{""flags_fired"": ""fm2_smplh_invalid"", ""fm1_knee_between_torso_p50"": 0.555540428564426, ""fm2_longest_invalid_run_frames"": 1218.0, ""fm2_smplh_valid_frac"": 0.43623768172504634, ""fm3_static_frac"": 0.10791296711874329, ""fps"": 29.97, ""observed_duration_s"": 342.007967, ""raster"": ""2160x3840"", ""reproj_shoulder_widths_p50"": 0.12550350731775678, ""valid_frac_box"": 1.0, ""vendor"": ""V03"", ""verdict"": ""REJECTED by fm2_smplh_invalid""}",render
vend_297,v03_flagged_297_V03_S0123_I00000500_P1270_f0001273,V03_S0123_I00000500_P1270,naturalistic/train/0106/0015/V03_S0123_I00000500_P1270,naturalistic/train/0106/0033/V03_S0123_I00000500_P1271,v03_flagged,V03,naturalistic,1273,V03,naturalistic,train,ipc_conversation,random draw from V03 files the current pipeline rejects,"{""flags_fired"": ""fm3_static_hands"", ""fm1_knee_between_torso_p50"": 0.6730203703958177, ""fm2_longest_invalid_run_frames"": 0.0, ""fm2_smplh_valid_frac"": 1.0, ""fm3_static_frac"": 0.8442822384428224, ""fps"": 29.97, ""observed_duration_s"": 96.0289, ""raster"": ""2160x3840"", ""reproj_shoulder_widths_p50"": 0.08832589798941788, ""valid_frac_box"": 1.0, ""vendor"": ""V03"", ""verdict"": ""REJECTED by fm3_static_hands""}",render
vend_298,v03_flagged_298_V03_S1336_I00000147_P1208_f0004759,V03_S1336_I00000147_P1208,naturalistic/train/0146/0071/V03_S1336_I00000147_P1208,naturalistic/train/0146/0022/V03_S1336_I00000147_P4012,v03_flagged,V03,naturalistic,4759,V03,naturalistic,train,ipc_conversation,random draw from V03 files the current pipeline rejects,"{""flags_fired"": ""fm2_smplh_invalid"", ""fm1_knee_between_torso_p50"": 0.5634219233497765, ""fm2_longest_invalid_run_frames"": 2959.0, ""fm2_smplh_valid_frac"": 0.35903836048344717, ""fm3_static_frac"": 0.5287703625853915, ""fps"": 29.97, ""observed_duration_s"": 254.020067, ""raster"": ""2160x3840"", ""reproj_shoulder_widths_p50"": 0.18182161220138326, ""valid_frac_box"": 1.0, ""vendor"": ""V03"", ""verdict"": ""REJECTED by fm2_smplh_invalid""}",render
vend_299,v03_flagged_299_V03_S0205_I00000386_P1449_f0000716,V03_S0205_I00000386_P1449,naturalistic/train/0110/0127/V03_S0205_I00000386_P1449,naturalistic/train/0110/0095/V03_S0205_I00000386_P1211,v03_flagged,V03,naturalistic,716,V03,naturalistic,train,ipc_conversation,random draw from V03 files the current pipeline rejects,"{""flags_fired"": ""fm1_sitting+fm2_smplh_invalid"", ""fm1_knee_between_torso_p50"": 0.5967062123863678, ""fm2_longest_invalid_run_frames"": 97.0, ""fm2_smplh_valid_frac"": 0.9379272627837025, ""fm3_static_frac"": 0.02023516543614985, ""fps"": 29.97, ""observed_duration_s"": 122.021533, ""raster"": ""2160x3840"", ""reproj_shoulder_widths_p50"": 0.07791039753754089, ""valid_frac_box"": 1.0, ""vendor"": ""V03"", ""verdict"": ""REJECTED by fm1_sitting+fm2_smplh_invalid""}",render
vend_300,v03_flagged_300_V03_S1668_I00000021_P4789_f0007416,V03_S1668_I00000021_P4789,naturalistic/train/0161/0047/V03_S1668_I00000021_P4789,naturalistic/train/0161/0048/V03_S1668_I00000021_P4788,v03_flagged,V03,naturalistic,7416,V03,naturalistic,train,ipc_conversation,random draw from V03 files the current pipeline rejects,"{""flags_fired"": ""fm1_sitting+fm2_smplh_invalid"", ""fm1_knee_between_torso_p50"": 0.5567389753155434, ""fm2_longest_invalid_run_frames"": 491.0, ""fm2_smplh_valid_frac"": 0.7671657754010696, ""fm3_static_frac"": 0.001711229946524064, ""fps"": 29.97, ""observed_duration_s"": 312.011333, ""raster"": ""2160x3840"", ""reproj_shoulder_widths_p50"": 0.1300830997818661, ""valid_frac_box"": 1.0, ""vendor"": ""V03"", ""verdict"": ""REJECTED by fm1_sitting+fm2_smplh_invalid""}",render
vend_301,v03_flagged_301_V03_S1973_I00000024_P5407_f0004708,V03_S1973_I00000024_P5407,naturalistic/train/0174/0005/V03_S1973_I00000024_P5407,naturalistic/train/0174/0011/V03_S1973_I00000024_P5400,v03_flagged,V03,naturalistic,4708,V03,naturalistic,train,ipc_conversation,random draw from V03 files the current pipeline rejects,"{""flags_fired"": ""fm2_smplh_invalid"", ""fm1_knee_between_torso_p50"": 0.6187597125907193, ""fm2_longest_invalid_run_frames"": 1583.0, ""fm2_smplh_valid_frac"": 0.6903827281648676, ""fm3_static_frac"": 0.047432122996401704, ""fps"": 29.97, ""observed_duration_s"": 204.003433, ""raster"": ""2160x3840"", ""reproj_shoulder_widths_p50"": 0.15282573458439822, ""valid_frac_box"": 1.0, ""vendor"": ""V03"", ""verdict"": ""REJECTED by fm2_smplh_invalid""}",render
vend_302,v03_flagged_302_V03_S0394_I00000054_P2078_f0001593,V03_S0394_I00000054_P2078,naturalistic/train/0118/0064/V03_S0394_I00000054_P2078,naturalistic/train/0118/0120/V03_S0394_I00000054_P1989,v03_flagged,V03,naturalistic,1593,V03,naturalistic,train,ipc_conversation,random draw from V03 files the current pipeline rejects,"{""flags_fired"": ""fm2_smplh_invalid"", ""fm1_knee_between_torso_p50"": 0.5872941688248278, ""fm2_longest_invalid_run_frames"": 1.0, ""fm2_smplh_valid_frac"": 0.9997433264887063, ""fm3_static_frac"": 0.2825975359342916, ""fps"": 29.97, ""observed_duration_s"": 130.0299, ""raster"": ""2160x3840"", ""reproj_shoulder_widths_p50"": 0.16413547571667814, ""valid_frac_box"": 1.0, ""vendor"": ""V03"", ""verdict"": ""REJECTED by fm2_smplh_invalid""}",render
vend_303,v03_flagged_303_V03_S1510_I00000238_P4267_f0004684,V03_S1510_I00000238_P4267,naturalistic/train/0153/0022/V03_S1510_I00000238_P4267,naturalistic/train/0153/0033/V03_S1510_I00000238_P4266,v03_flagged,V03,naturalistic,4684,V03,naturalistic,train,ipc_conversation,random draw from V03 files the current pipeline rejects,"{""flags_fired"": ""fm2_smplh_invalid"", ""fm1_knee_between_torso_p50"": 0.5246902168059775, ""fm2_longest_invalid_run_frames"": 1558.0, ""fm2_smplh_valid_frac"": 0.7210235825388861, ""fm3_static_frac"": 0.0015052684395383843, ""fps"": 29.97, ""observed_duration_s"": 266.032067, ""raster"": ""2160x3840"", ""reproj_shoulder_widths_p50"": 0.07717181533551472, ""valid_frac_box"": 1.0, ""vendor"": ""V03"", ""verdict"": ""REJECTED by fm2_smplh_invalid""}",render
vend_304,v03_flagged_304_V03_S0441_I00000226_P2066_f0004513,V03_S0441_I00000226_P2066,naturalistic/train/0120/0051/V03_S0441_I00000226_P2066,naturalistic/train/0120/0130/V03_S0441_I00000226_P2067,v03_flagged,V03,naturalistic,4513,V03,naturalistic,train,ipc_conversation,random draw from V03 files the current pipeline rejects,"{""flags_fired"": ""fm2_smplh_invalid"", ""fm1_knee_between_torso_p50"": 0.567867162923476, ""fm2_longest_invalid_run_frames"": 8.0, ""fm2_smplh_valid_frac"": 0.9954954954954955, ""fm3_static_frac"": 0.24724724724724725, ""fps"": 29.97, ""observed_duration_s"": 200.0328, ""raster"": ""2160x3840"", ""reproj_shoulder_widths_p50"": 0.18132407828963162, ""valid_frac_box"": 1.0, ""vendor"": ""V03"", ""verdict"": ""REJECTED by fm2_smplh_invalid""}",render
vend_305,v03_flagged_305_V03_S1727_I00000327_P3732_f0002021,V03_S1727_I00000327_P3732,naturalistic/train/0164/0041/V03_S1727_I00000327_P3732,naturalistic/train/0164/0044/V03_S1727_I00000327_P4921,v03_flagged,V03,naturalistic,2021,V03,naturalistic,train,ipc_conversation,random draw from V03 files the current pipeline rejects,"{""flags_fired"": ""fm2_smplh_invalid"", ""fm1_knee_between_torso_p50"": 0.6349946113578351, ""fm2_longest_invalid_run_frames"": 99.0, ""fm2_smplh_valid_frac"": 0.9773429454170958, ""fm3_static_frac"": 0.019361483007209062, ""fps"": 29.97, ""observed_duration_s"": 162.028167, ""raster"": ""2160x3840"", ""reproj_shoulder_widths_p50"": 0.17314115662793386, ""valid_frac_box"": 1.0, ""vendor"": ""V03"", ""verdict"": ""REJECTED by fm2_smplh_invalid""}",render
vend_306,v03_flagged_306_V03_S1284_I00000068_P3921_f0005880,V03_S1284_I00000068_P3921,naturalistic/train/0144/0035/V03_S1284_I00000068_P3921,naturalistic/train/0144/0036/V03_S1284_I00000068_P3671,v03_flagged,V03,naturalistic,5880,V03,naturalistic,train,ipc_conversation,random draw from V03 files the current pipeline rejects,"{""flags_fired"": ""fm1_sitting+fm2_smplh_invalid"", ""fm1_knee_between_torso_p50"": 0.41976929349338477, ""fm2_longest_invalid_run_frames"": 9.0, ""fm2_smplh_valid_frac"": 0.9948361469712016, ""fm3_static_frac"": 0.007646474677259186, ""fps"": 29.97, ""observed_duration_s"": 336.002333, ""raster"": ""2160x3840"", ""reproj_shoulder_widths_p50"": 0.08905578166030734, ""valid_frac_box"": 1.0, ""vendor"": ""V03"", ""verdict"": ""REJECTED by fm1_sitting+fm2_smplh_invalid""}",render
vend_307,v03_flagged_307_V03_S0122_I00000135_P1195_f0000310,V03_S0122_I00000135_P1195,naturalistic/train/0106/0010/V03_S0122_I00000135_P1195,naturalistic/train/0106/0069/V03_S0122_I00000135_P1268,v03_flagged,V03,naturalistic,310,V03,naturalistic,train,collaborative_storytelling,random draw from V03 files the current pipeline rejects,"{""flags_fired"": ""fm1_sitting+fm3_static_hands"", ""fm1_knee_between_torso_p50"": 0.3282510241420389, ""fm2_longest_invalid_run_frames"": 0.0, ""fm2_smplh_valid_frac"": 1.0, ""fm3_static_frac"": 0.9873220640569395, ""fps"": 29.97, ""observed_duration_s"": 150.016533, ""raster"": ""2160x3840"", ""reproj_shoulder_widths_p50"": 0.050877229166457955, ""valid_frac_box"": 1.0, ""vendor"": ""V03"", ""verdict"": ""REJECTED by fm1_sitting+fm3_static_hands""}",render
vend_308,v03_flagged_308_V03_S0076_I00000525_P1137_f0003763,V03_S0076_I00000525_P1137,naturalistic/train/0105/0002/V03_S0076_I00000525_P1137,naturalistic/train/0105/0053/V03_S0076_I00000525_P1173,v03_flagged,V03,naturalistic,3763,V03,naturalistic,train,grounded_gesture,random draw from V03 files the current pipeline rejects,"{""flags_fired"": ""fm2_smplh_invalid"", ""fm1_knee_between_torso_p50"": 0.5228554602336779, ""fm2_longest_invalid_run_frames"": 8.0, ""fm2_smplh_valid_frac"": 0.9967782763778622, ""fm3_static_frac"": 0.6105166263951214, ""fps"": 29.97, ""observed_duration_s"": 290.023067, ""raster"": ""2160x3840"", ""reproj_shoulder_widths_p50"": 0.06199506231061928, ""valid_frac_box"": 1.0, ""vendor"": ""V03"", ""verdict"": ""REJECTED by fm2_smplh_invalid""}",render
vend_309,v03_flagged_309_V03_S1486_I00000188_P4193_f0008217,V03_S1486_I00000188_P4193,naturalistic/train/0152/0029/V03_S1486_I00000188_P4193,naturalistic/train/0152/0048/V03_S1486_I00000188_P4192,v03_flagged,V03,naturalistic,8217,V03,naturalistic,train,ipc_conversation,random draw from V03 files the current pipeline rejects,"{""flags_fired"": ""fm1_sitting+fm2_smplh_invalid"", ""fm1_knee_between_torso_p50"": 0.42891996052170406, ""fm2_longest_invalid_run_frames"": 53.0, ""fm2_smplh_valid_frac"": 0.9930912461032942, ""fm3_static_frac"": 0.5882551183756003, ""fps"": 29.97, ""observed_duration_s"": 396.028967, ""raster"": ""2160x3840"", ""reproj_shoulder_widths_p50"": 0.06281259857747333, ""valid_frac_box"": 1.0, ""vendor"": ""V03"", ""verdict"": ""REJECTED by fm1_sitting+fm2_smplh_invalid""}",render
vend_310,v03_flagged_310_V03_S1717_I00000236_P4897_f0000499,V03_S1717_I00000236_P4897,naturalistic/train/0164/0016/V03_S1717_I00000236_P4897,naturalistic/train/0164/0062/V03_S1717_I00000236_P4896,v03_flagged,V03,naturalistic,499,V03,naturalistic,train,ipc_conversation,random draw from V03 files the current pipeline rejects,"{""flags_fired"": ""fm2_smplh_invalid"", ""fm1_knee_between_torso_p50"": 0.6816915589155002, ""fm2_longest_invalid_run_frames"": 166.0, ""fm2_smplh_valid_frac"": 0.9158636897767333, ""fm3_static_frac"": 0.45757931844888367, ""fps"": 29.97, ""observed_duration_s"": 142.008533, ""raster"": ""2160x3840"", ""reproj_shoulder_widths_p50"": 0.06719580352579348, ""valid_frac_box"": 1.0, ""vendor"": ""V03"", ""verdict"": ""REJECTED by fm2_smplh_invalid""}",render
vend_311,v03_flagged_311_V03_S0359_I00000070_P1734_f0000183,V03_S0359_I00000070_P1734,naturalistic/train/0117/0061/V03_S0359_I00000070_P1734,naturalistic/train/0117/0083/V03_S0359_I00000070_P1735,v03_flagged,V03,naturalistic,183,V03,naturalistic,train,collaborative_storytelling,random draw from V03 files the current pipeline rejects,"{""flags_fired"": ""fm2_smplh_invalid"", ""fm1_knee_between_torso_p50"": 0.5248731268835892, ""fm2_longest_invalid_run_frames"": 19.0, ""fm2_smplh_valid_frac"": 0.9424493554327809, ""fm3_static_frac"": 0.0017495395948434623, ""fps"": 30.0, ""observed_duration_s"": 362.0, ""raster"": ""3840x2160"", ""reproj_shoulder_widths_p50"": 0.16466135875788118, ""valid_frac_box"": 1.0, ""vendor"": ""V03"", ""verdict"": ""REJECTED by fm2_smplh_invalid""}",render
vend_312,v03_flagged_312_V03_S1217_I00000314_P1346_f0003276,V03_S1217_I00000314_P1346,naturalistic/train/0140/0092/V03_S1217_I00000314_P1346,naturalistic/train/0140/0002/V03_S1217_I00000314_P3769,v03_flagged,V03,naturalistic,3276,V03,naturalistic,train,ipc_conversation,random draw from V03 files the current pipeline rejects,"{""flags_fired"": ""fm2_smplh_invalid"", ""fm1_knee_between_torso_p50"": 0.6270221361001642, ""fm2_longest_invalid_run_frames"": 52.0, ""fm2_smplh_valid_frac"": 0.9659074423328013, ""fm3_static_frac"": 0.2231249093283041, ""fps"": 29.97, ""observed_duration_s"": 230.029433, ""raster"": ""2160x3840"", ""reproj_shoulder_widths_p50"": 0.14667487849083263, ""valid_frac_box"": 1.0, ""vendor"": ""V03"", ""verdict"": ""REJECTED by fm2_smplh_invalid""}",render
vend_313,v03_flagged_313_V03_S0921_I00000428_P3165_f0001433,V03_S0921_I00000428_P3165,naturalistic/test/0002/0056/V03_S0921_I00000428_P3165,naturalistic/test/0002/0011/V03_S0921_I00000428_P3164,v03_flagged,V03,naturalistic,1433,V03,naturalistic,test,grounded_gesture,random draw from V03 files the current pipeline rejects,"{""flags_fired"": ""fm2_smplh_invalid"", ""fm1_knee_between_torso_p50"": 0.6048209404589231, ""fm2_longest_invalid_run_frames"": 21.0, ""fm2_smplh_valid_frac"": 0.9937989074265465, ""fm3_static_frac"": 0.5203011959249964, ""fps"": 29.97, ""observed_duration_s"": 226.0258, ""raster"": ""2160x3840"", ""reproj_shoulder_widths_p50"": 0.1567155741941884, ""valid_frac_box"": 1.0, ""vendor"": ""V03"", ""verdict"": ""REJECTED by fm2_smplh_invalid""}",render
vend_314,v03_flagged_314_V03_S0218_I00000134_P1482_f0000330,V03_S0218_I00000134_P1482,naturalistic/train/0111/0117/V03_S0218_I00000134_P1482,naturalistic/train/0111/0036/V03_S0218_I00000134_P1483,v03_flagged,V03,naturalistic,330,V03,naturalistic,train,ipc_conversation,random draw from V03 files the current pipeline rejects,"{""flags_fired"": ""fm2_smplh_invalid"", ""fm1_knee_between_torso_p50"": 0.6166909229958828, ""fm2_longest_invalid_run_frames"": 36.0, ""fm2_smplh_valid_frac"": 0.969416126042632, ""fm3_static_frac"": 0.5418597466790238, ""fps"": 29.97, ""observed_duration_s"": 108.0079, ""raster"": ""2160x3840"", ""reproj_shoulder_widths_p50"": 0.11025325960687463, ""valid_frac_box"": 1.0, ""vendor"": ""V03"", ""verdict"": ""REJECTED by fm2_smplh_invalid""}",render
vend_315,v03_flagged_315_V03_S0216_I00000504_P1474_f0002152,V03_S0216_I00000504_P1474,naturalistic/train/0111/0087/V03_S0216_I00000504_P1474,naturalistic/train/0111/0055/V03_S0216_I00000504_P1475,v03_flagged,V03,naturalistic,2152,V03,naturalistic,train,ipc_conversation,random draw from V03 files the current pipeline rejects,"{""flags_fired"": ""fm2_smplh_invalid+fm3_static_hands"", ""fm1_knee_between_torso_p50"": 0.6244275083327542, ""fm2_longest_invalid_run_frames"": 48.0, ""fm2_smplh_valid_frac"": 0.9682386910490857, ""fm3_static_frac"": 0.7901828681424446, ""fps"": 29.97, ""observed_duration_s"": 104.0039, ""raster"": ""2160x3840"", ""reproj_shoulder_widths_p50"": 0.11693472858898991, ""valid_frac_box"": 1.0, ""vendor"": ""V03"", ""verdict"": ""REJECTED by fm2_smplh_invalid+fm3_static_hands""}",render
vend_316,v03_flagged_316_V03_S1136_I00000034_P3493_f0001492,V03_S1136_I00000034_P3493,naturalistic/train/0137/0141/V03_S1136_I00000034_P3493,naturalistic/train/0137/0098/V03_S1136_I00000034_P3527,v03_flagged,V03,naturalistic,1492,V03,naturalistic,train,ipc_conversation,random draw from V03 files the current pipeline rejects,"{""flags_fired"": ""fm1_sitting+fm2_smplh_invalid"", ""fm1_knee_between_torso_p50"": 0.334028711435976, ""fm2_longest_invalid_run_frames"": 7.0, ""fm2_smplh_valid_frac"": 0.9983552631578947, ""fm3_static_frac"": 0.6101973684210527, ""fps"": 29.97, ""observed_duration_s"": 142.008533, ""raster"": ""2160x3840"", ""reproj_shoulder_widths_p50"": 0.0644615916327517, ""valid_frac_box"": 1.0, ""vendor"": ""V03"", ""verdict"": ""REJECTED by fm1_sitting+fm2_smplh_invalid""}",render
vend_317,v03_flagged_317_V03_S1653_I00000357_P1290_f0004312,V03_S1653_I00000357_P1290,naturalistic/train/0161/0079/V03_S1653_I00000357_P1290,naturalistic/train/0161/0100/V03_S1653_I00000357_P3848,v03_flagged,V03,naturalistic,4312,V03,naturalistic,train,ipc_conversation,random draw from V03 files the current pipeline rejects,"{""flags_fired"": ""fm2_smplh_invalid"", ""fm1_knee_between_torso_p50"": 0.5652689274776821, ""fm2_longest_invalid_run_frames"": 67.0, ""fm2_smplh_valid_frac"": 0.9935832798606655, ""fm3_static_frac"": 0.001558346319552663, ""fps"": 29.97, ""observed_duration_s"": 364.030333, ""raster"": ""2160x3840"", ""reproj_shoulder_widths_p50"": 0.10061084469113962, ""valid_frac_box"": 1.0, ""vendor"": ""V03"", ""verdict"": ""REJECTED by fm2_smplh_invalid""}",render
vend_318,v03_flagged_318_V03_S0552_I00000068_P2132_f0003848,V03_S0552_I00000068_P2132,naturalistic/train/0123/0135/V03_S0552_I00000068_P2132,naturalistic/train/0123/0091/V03_S0552_I00000068_P2462,v03_flagged,V03,naturalistic,3848,V03,naturalistic,train,ipc_conversation,random draw from V03 files the current pipeline rejects,"{""flags_fired"": ""fm1_sitting+fm2_smplh_invalid"", ""fm1_knee_between_torso_p50"": 0.3818107333485039, ""fm2_longest_invalid_run_frames"": 15.0, ""fm2_smplh_valid_frac"": 0.9827945776850886, ""fm3_static_frac"": 0.13412408759124086, ""fps"": 29.97, ""observed_duration_s"": 256.022067, ""raster"": ""2160x3840"", ""reproj_shoulder_widths_p50"": 0.0718199732898909, ""valid_frac_box"": 1.0, ""vendor"": ""V03"", ""verdict"": ""REJECTED by fm1_sitting+fm2_smplh_invalid""}",render
vend_319,v03_flagged_319_V03_S2118_I00000265_P4214_f0005810,V03_S2118_I00000265_P4214,naturalistic/train/0180/0074/V03_S2118_I00000265_P4214,naturalistic/train/0180/0081/V03_S2118_I00000265_P4749,v03_flagged,V03,naturalistic,5810,V03,naturalistic,train,ipc_conversation,random draw from V03 files the current pipeline rejects,"{""flags_fired"": ""fm2_smplh_invalid"", ""fm1_knee_between_torso_p50"": 0.6487078628191103, ""fm2_longest_invalid_run_frames"": 100.0, ""fm2_smplh_valid_frac"": 0.9249257740704085, ""fm3_static_frac"": 0.004382864413968613, ""fps"": 29.97, ""observed_duration_s"": 236.002433, ""raster"": ""2160x3840"", ""reproj_shoulder_widths_p50"": 0.16721700529891378, ""valid_frac_box"": 1.0, ""vendor"": ""V03"", ""verdict"": ""REJECTED by fm2_smplh_invalid""}",render
vend_320,v03_flagged_320_V03_S0466_I00000032_P2241_f0004473,V03_S0466_I00000032_P2241,naturalistic/train/0121/0059/V03_S0466_I00000032_P2241,naturalistic/train/0121/0050/V03_S0466_I00000032_P2219,v03_flagged,V03,naturalistic,4473,V03,naturalistic,train,ipc_conversation,random draw from V03 files the current pipeline rejects,"{""flags_fired"": ""fm2_smplh_invalid"", ""fm1_knee_between_torso_p50"": 0.6198907673029099, ""fm2_longest_invalid_run_frames"": 113.0, ""fm2_smplh_valid_frac"": 0.9604604604604604, ""fm3_static_frac"": 0.0005005005005005005, ""fps"": 29.97, ""observed_duration_s"": 200.033167, ""raster"": ""2160x3840"", ""reproj_shoulder_widths_p50"": 0.14845742231309156, ""valid_frac_box"": 1.0, ""vendor"": ""V03"", ""verdict"": ""REJECTED by fm2_smplh_invalid""}",render
vend_321,v03_flagged_321_V03_S0156_I00000519_P1291_f0007013,V03_S0156_I00000519_P1291,naturalistic/train/0108/0036/V03_S0156_I00000519_P1291,naturalistic/train/0108/0107/V03_S0156_I00000519_P1209,v03_flagged,V03,naturalistic,7013,V03,naturalistic,train,grounded_gesture,random draw from V03 files the current pipeline rejects,"{""flags_fired"": ""fm2_smplh_invalid"", ""fm1_knee_between_torso_p50"": 0.6089420522813067, ""fm2_longest_invalid_run_frames"": 15.0, ""fm2_smplh_valid_frac"": 0.9976318622174382, ""fm3_static_frac"": 0.5459634015069967, ""fps"": 29.97, ""observed_duration_s"": 310.009333, ""raster"": ""2160x3840"", ""reproj_shoulder_widths_p50"": 0.18837145624128082, ""valid_frac_box"": 1.0, ""vendor"": ""V03"", ""verdict"": ""REJECTED by fm2_smplh_invalid""}",render
vend_322,v03_flagged_322_V03_S2029_I00000267_P5478_f0002456,V03_S2029_I00000267_P5478,naturalistic/train/0177/0072/V03_S2029_I00000267_P5478,naturalistic/train/0177/0034/V03_S2029_I00000267_P4209,v03_flagged,V03,naturalistic,2456,V03,naturalistic,train,ipc_conversation,random draw from V03 files the current pipeline rejects,"{""flags_fired"": ""fm2_smplh_invalid"", ""fm1_knee_between_torso_p50"": 0.6328545405847634, ""fm2_longest_invalid_run_frames"": 10.0, ""fm2_smplh_valid_frac"": 0.9875343721356553, ""fm3_static_frac"": 0.4025664527956004, ""fps"": 29.97, ""observed_duration_s"": 182.015167, ""raster"": ""2160x3840"", ""reproj_shoulder_widths_p50"": 0.14975653090588778, ""valid_frac_box"": 1.0, ""vendor"": ""V03"", ""verdict"": ""REJECTED by fm2_smplh_invalid""}",render
vend_323,v03_flagged_323_V03_S1261_I00000149_P3080_f0000555,V03_S1261_I00000149_P3080,naturalistic/train/0143/0124/V03_S1261_I00000149_P3080,naturalistic/train/0143/0034/V03_S1261_I00000149_P3910,v03_flagged,V03,naturalistic,555,V03,naturalistic,train,ipc_conversation,random draw from V03 files the current pipeline rejects,"{""flags_fired"": ""fm2_smplh_invalid"", ""fm1_knee_between_torso_p50"": 0.6075083745780123, ""fm2_longest_invalid_run_frames"": 5.0, ""fm2_smplh_valid_frac"": 0.9971936389148737, ""fm3_static_frac"": 0.6102276270657936, ""fps"": 29.97, ""observed_duration_s"": 214.0138, ""raster"": ""2160x3840"", ""reproj_shoulder_widths_p50"": 0.16398696139403504, ""valid_frac_box"": 1.0, ""vendor"": ""V03"", ""verdict"": ""REJECTED by fm2_smplh_invalid""}",render
vend_324,v03_flagged_324_V03_S0312_I00000070_P1770_f0001263,V03_S0312_I00000070_P1770,naturalistic/train/0115/0076/V03_S0312_I00000070_P1770,naturalistic/train/0115/0032/V03_S0312_I00000070_P1524,v03_flagged,V03,naturalistic,1263,V03,naturalistic,train,collaborative_storytelling,random draw from V03 files the current pipeline rejects,"{""flags_fired"": ""fm2_smplh_invalid"", ""fm1_knee_between_torso_p50"": 0.6316646219133646, ""fm2_longest_invalid_run_frames"": 41.0, ""fm2_smplh_valid_frac"": 0.9858067729083665, ""fm3_static_frac"": 0.05876494023904383, ""fps"": 29.97, ""observed_duration_s"": 134.000167, ""raster"": ""2160x3840"", ""reproj_shoulder_widths_p50"": 0.16679436489171628, ""valid_frac_box"": 1.0, ""vendor"": ""V03"", ""verdict"": ""REJECTED by fm2_smplh_invalid""}",render
vend_325,v03_flagged_325_V03_S1899_I00000361_P5141_f0001891,V03_S1899_I00000361_P5141,naturalistic/train/0171/0047/V03_S1899_I00000361_P5141,naturalistic/train/0171/0125/V03_S1899_I00000361_P1503,v03_flagged,V03,naturalistic,1891,V03,naturalistic,train,ipc_conversation,random draw from V03 files the current pipeline rejects,"{""flags_fired"": ""fm2_smplh_invalid"", ""fm1_knee_between_torso_p50"": 0.5770112787357322, ""fm2_longest_invalid_run_frames"": 267.0, ""fm2_smplh_valid_frac"": 0.8042828685258964, ""fm3_static_frac"": 0.01593625498007968, ""fps"": 29.97, ""observed_duration_s"": 134.000533, ""raster"": ""2160x3840"", ""reproj_shoulder_widths_p50"": 0.1318728115330886, ""valid_frac_box"": 1.0, ""vendor"": ""V03"", ""verdict"": ""REJECTED by fm2_smplh_invalid""}",render
vend_326,v03_flagged_326_V03_S1050_I00000443_P2254_f0002835,V03_S1050_I00000443_P2254,naturalistic/train/0135/0051/V03_S1050_I00000443_P2254,naturalistic/train/0135/0093/V03_S1050_I00000443_P1208,v03_flagged,V03,naturalistic,2835,V03,naturalistic,train,grounded_gesture,random draw from V03 files the current pipeline rejects,"{""flags_fired"": ""fm2_smplh_invalid"", ""fm1_knee_between_torso_p50"": 0.6189662169902397, ""fm2_longest_invalid_run_frames"": 730.0, ""fm2_smplh_valid_frac"": 0.25973397823458283, ""fm3_static_frac"": 0.49746070133010883, ""fps"": 29.97, ""observed_duration_s"": 138.004533, ""raster"": ""2160x3840"", ""reproj_shoulder_widths_p50"": 0.19264896986644606, ""valid_frac_box"": 1.0, ""vendor"": ""V03"", ""verdict"": ""REJECTED by fm2_smplh_invalid""}",render
vend_327,v03_flagged_327_V03_S0465_I00000169_P2268_f0003537,V03_S0465_I00000169_P2268,naturalistic/train/0121/0051/V03_S0465_I00000169_P2268,naturalistic/train/0121/0046/V03_S0465_I00000169_P2269,v03_flagged,V03,naturalistic,3537,V03,naturalistic,train,ipc_conversation,random draw from V03 files the current pipeline rejects,"{""flags_fired"": ""fm2_smplh_invalid"", ""fm1_knee_between_torso_p50"": 0.6100697534164431, ""fm2_longest_invalid_run_frames"": 1180.0, ""fm2_smplh_valid_frac"": 0.8252053388090349, ""fm3_static_frac"": 0.27630903490759756, ""fps"": 29.97, ""observed_duration_s"": 260.026067, ""raster"": ""2160x3840"", ""reproj_shoulder_widths_p50"": 0.1919428175095344, ""valid_frac_box"": 1.0, ""vendor"": ""V03"", ""verdict"": ""REJECTED by fm2_smplh_invalid""}",render
vend_328,v03_flagged_328_V03_S1757_I00000266_P5058_f0002666,V03_S1757_I00000266_P5058,naturalistic/train/0166/0060/V03_S1757_I00000266_P5058,naturalistic/train/0166/0112/V03_S1757_I00000266_P4737,v03_flagged,V03,naturalistic,2666,V03,naturalistic,train,ipc_conversation,random draw from V03 files the current pipeline rejects,"{""flags_fired"": ""fm2_smplh_invalid"", ""fm1_knee_between_torso_p50"": 0.5300096011375706, ""fm2_longest_invalid_run_frames"": 981.0, ""fm2_smplh_valid_frac"": 0.661582459485224, ""fm3_static_frac"": 0.0009532888465204957, ""fps"": 29.97, ""observed_duration_s"": 210.0098, ""raster"": ""2160x3840"", ""reproj_shoulder_widths_p50"": 0.07618029943500854, ""valid_frac_box"": 1.0, ""vendor"": ""V03"", ""verdict"": ""REJECTED by fm2_smplh_invalid""}",render
vend_329,v03_flagged_329_V03_S2058_I00000278_P1537_f0000441,V03_S2058_I00000278_P1537,naturalistic/train/0178/0122/V03_S2058_I00000278_P1537,naturalistic/train/0178/0101/V03_S2058_I00000278_P5478,v03_flagged,V03,naturalistic,441,V03,naturalistic,train,ipc_conversation,random draw from V03 files the current pipeline rejects,"{""flags_fired"": ""fm2_smplh_invalid"", ""fm1_knee_between_torso_p50"": 0.662227427481596, ""fm2_longest_invalid_run_frames"": 53.0, ""fm2_smplh_valid_frac"": 0.9352686019352686, ""fm3_static_frac"": 0.0, ""fps"": 29.97, ""observed_duration_s"": 100.033267, ""raster"": ""2160x3840"", ""reproj_shoulder_widths_p50"": 0.09774931370419618, ""valid_frac_box"": 1.0, ""vendor"": ""V03"", ""verdict"": ""REJECTED by fm2_smplh_invalid""}",render
